Zeitstempel;Wassertemperatur;Lufttemperatur;Luftfeuchtigkeit;Referenztemperatur
2023-11-04T14:44:06.583Z;-127.00;-127.00;48.80;23.76
2023-11-04T14:44:07.589Z;-127.00;-127.00;48.81;23.76
2023-11-04T14:44:08.595Z;-127.00;-127.00;48.79;23.76
2023-11-04T14:44:09.602Z;-127.00;-127.00;48.76;23.77
2023-11-04T14:44:10.609Z;-127.00;-127.00;48.74;23.76
2023-11-04T14:44:11.617Z;-127.00;-127.00;48.74;23.75
2023-11-04T14:44:12.622Z;-127.00;-127.00;48.73;23.76
2023-11-04T14:44:13.629Z;-127.00;-127.00;48.76;23.77
2023-11-04T14:44:14.635Z;-127.00;-127.00;48.78;23.77
2023-11-04T14:44:15.642Z;-127.00;-127.00;49.31;23.78
2023-11-04T14:44:16.649Z;-127.00;-127.00;49.77;23.78
2023-11-04T14:44:17.655Z;-127.00;-127.00;49.69;23.77
2023-11-04T14:44:18.662Z;-127.00;-127.00;49.68;23.78
2023-11-04T14:44:19.669Z;-127.00;-127.00;49.92;23.79
2023-11-04T14:44:20.676Z;-127.00;-127.00;49.72;23.79
2023-11-04T14:44:21.683Z;-127.00;-127.00;49.30;23.79
2023-11-04T14:44:22.689Z;-127.00;-127.00;49.06;23.78
2023-11-04T14:44:23.696Z;-127.00;-127.00;48.95;23.79
2023-11-04T14:44:24.702Z;-127.00;-127.00;48.89;23.79
2023-11-04T14:44:25.709Z;-127.00;-127.00;48.86;23.79
2023-11-04T14:44:26.716Z;-127.00;-127.00;48.84;23.79
2023-11-04T14:44:27.722Z;-127.00;-127.00;48.84;23.79
2023-11-04T14:44:28.729Z;-127.00;-127.00;49.43;23.80
2023-11-04T14:44:29.736Z;-127.00;-127.00;50.28;23.81
2023-11-04T14:44:30.742Z;-127.00;-127.00;50.10;23.81
2023-11-04T14:44:31.751Z;-127.00;-127.00;49.96;23.83
2023-11-04T14:44:32.756Z;-127.00;-127.00;49.70;23.83
2023-11-04T14:44:33.763Z;-127.00;-127.00;49.38;23.82
2023-11-04T14:44:34.770Z;-127.00;-127.00;49.17;23.82
2023-11-04T14:44:35.776Z;-127.00;-127.00;49.04;23.83
2023-11-04T14:44:36.783Z;-127.00;-127.00;48.92;23.82
2023-11-04T14:44:37.789Z;-127.00;-127.00;48.83;23.82
2023-11-04T14:44:38.796Z;-127.00;-127.00;48.78;23.82
2023-11-04T14:44:39.803Z;-127.00;-127.00;48.76;23.82
2023-11-04T14:44:40.809Z;-127.00;-127.00;48.74;23.81
2023-11-04T14:44:41.816Z;-127.00;-127.00;48.72;23.82
2023-11-04T14:44:42.823Z;-127.00;-127.00;48.74;23.82
2023-11-04T14:44:43.829Z;-127.00;-127.00;48.75;23.82
2023-11-04T14:44:44.836Z;-127.00;-127.00;48.75;23.82
2023-11-04T14:44:45.843Z;-127.00;-127.00;48.75;23.82
2023-11-04T14:44:46.850Z;-127.00;-127.00;49.71;23.82
2023-11-04T14:44:47.857Z;-127.00;-127.00;51.38;23.83
2023-11-04T14:44:48.863Z;-127.00;-127.00;51.59;23.83
2023-11-04T14:44:49.870Z;-127.00;-127.00;51.87;23.84
2023-11-04T14:44:50.877Z;-127.00;-127.00;51.15;23.84
2023-11-04T14:44:51.883Z;-127.00;-127.00;50.67;23.83
2023-11-04T14:44:52.890Z;-127.00;-127.00;50.25;23.84
2023-11-04T14:44:53.897Z;-127.00;-127.00;49.74;23.83
2023-11-04T14:44:54.903Z;-127.00;-127.00;49.47;23.82
2023-11-04T14:44:55.910Z;-127.00;-127.00;49.37;23.82
2023-11-04T14:44:56.917Z;-127.00;-127.00;49.23;23.83
2023-11-04T14:44:57.923Z;-127.00;-127.00;49.11;23.82
2023-11-04T14:44:58.930Z;-127.00;-127.00;49.03;23.82
2023-11-04T14:44:59.937Z;-127.00;-127.00;49.17;23.82
2023-11-04T14:45:00.944Z;-127.00;-127.00;49.36;23.82
2023-11-04T14:45:01.951Z;-127.00;-127.00;49.38;23.83
2023-11-04T14:45:02.957Z;-127.00;-127.00;49.24;23.84
2023-11-04T14:45:03.964Z;-127.00;-127.00;49.04;23.83
2023-11-04T14:45:04.971Z;-127.00;-127.00;48.92;23.83
2023-11-04T14:45:05.977Z;-127.00;-127.00;48.83;23.82
2023-11-04T14:45:06.984Z;-127.00;-127.00;48.76;23.83
2023-11-04T14:45:07.991Z;-127.00;-127.00;48.72;23.82
2023-11-04T14:45:08.997Z;-127.00;-127.00;48.70;23.82
2023-11-04T14:45:10.005Z;-127.00;-127.00;48.69;23.82
2023-11-04T14:45:11.011Z;-127.00;-127.00;48.69;23.82
2023-11-04T14:45:12.018Z;-127.00;-127.00;48.71;23.81
2023-11-04T14:45:13.024Z;-127.00;-127.00;48.70;23.81
2023-11-04T14:45:14.031Z;-127.00;-127.00;48.72;23.82
2023-11-04T14:45:15.038Z;-127.00;-127.00;48.68;23.81
2023-11-04T14:45:16.044Z;-127.00;-127.00;48.71;23.81
2023-11-04T14:45:17.051Z;-127.00;-127.00;48.72;23.80
2023-11-04T14:45:18.058Z;-127.00;-127.00;48.72;23.80
2023-11-04T14:45:19.065Z;-127.00;-127.00;48.66;23.80
2023-11-04T14:45:20.071Z;-127.00;-127.00;48.67;23.79
2023-11-04T14:45:21.078Z;-127.00;-127.00;48.63;23.79
2023-11-04T14:45:22.085Z;-127.00;-127.00;48.63;23.79
2023-11-04T14:45:23.091Z;-127.00;-127.00;48.66;23.79
2023-11-04T14:45:24.098Z;-127.00;-127.00;48.68;23.79
2023-11-04T14:45:25.105Z;-127.00;-127.00;48.71;23.79
2023-11-04T14:45:26.112Z;-127.00;-127.00;48.82;23.80
2023-11-04T14:45:27.118Z;-127.00;-127.00;48.98;23.80
2023-11-04T14:45:28.125Z;-127.00;-127.00;49.26;23.80
2023-11-04T14:45:29.132Z;-127.00;-127.00;49.20;23.79
2023-11-04T14:45:30.138Z;-127.00;-127.00;49.07;23.79
2023-11-04T14:45:31.145Z;-127.00;-127.00;48.96;23.80
2023-11-04T14:45:32.152Z;-127.00;-127.00;48.87;23.80
2023-11-04T14:45:33.159Z;-127.00;-127.00;48.81;23.80
2023-11-04T14:45:34.165Z;-127.00;-127.00;48.76;23.80
2023-11-04T14:45:35.172Z;-127.00;-127.00;48.73;23.80
2023-11-04T14:45:36.178Z;-127.00;-127.00;48.71;23.80
2023-11-04T14:45:37.185Z;-127.00;-127.00;48.71;23.80
2023-11-04T14:45:38.192Z;-127.00;-127.00;48.69;23.80
2023-11-04T14:45:39.199Z;-127.00;-127.00;48.67;23.79
2023-11-04T14:45:40.205Z;-127.00;-127.00;48.66;23.80
2023-11-04T14:45:41.212Z;-127.00;-127.00;48.68;23.80
2023-11-04T14:45:42.219Z;-127.00;-127.00;48.69;23.80
2023-11-04T14:45:43.225Z;-127.00;-127.00;48.68;23.80
2023-11-04T14:45:44.232Z;-127.00;-127.00;48.66;23.80
2023-11-04T14:45:45.239Z;-127.00;-127.00;48.64;23.80
2023-11-04T14:45:46.245Z;-127.00;-127.00;48.66;23.80
2023-11-04T14:45:47.252Z;-127.00;-127.00;48.64;23.80
2023-11-04T14:45:48.259Z;-127.00;-127.00;48.69;23.80
2023-11-04T14:45:49.266Z;-127.00;-127.00;48.80;23.80
2023-11-04T14:45:50.272Z;-127.00;-127.00;49.19;23.81
2023-11-04T14:45:51.279Z;-127.00;-127.00;49.22;23.81
2023-11-04T14:45:52.286Z;-127.00;-127.00;48.95;23.81
2023-11-04T14:45:53.293Z;-127.00;-127.00;48.81;23.81
2023-11-04T14:45:54.299Z;-127.00;-127.00;48.74;23.81
2023-11-04T14:45:55.306Z;-127.00;-127.00;48.69;23.81
2023-11-04T14:45:56.312Z;-127.00;-127.00;48.70;23.81
2023-11-04T14:45:57.319Z;-127.00;-127.00;48.71;23.81
2023-11-04T14:45:58.326Z;-127.00;-127.00;48.72;23.81
2023-11-04T14:45:59.333Z;-127.00;-127.00;48.76;23.80
2023-11-04T14:46:00.339Z;-127.00;-127.00;48.79;23.81
2023-11-04T14:46:01.346Z;-127.00;-127.00;48.79;23.80
2023-11-04T14:46:02.352Z;-127.00;-127.00;48.78;23.80
2023-11-04T14:46:03.359Z;-127.00;-127.00;48.76;23.80
2023-11-04T14:46:04.366Z;-127.00;-127.00;48.78;23.79
2023-11-04T14:46:05.373Z;-127.00;-127.00;48.76;23.79
2023-11-04T14:46:06.380Z;-127.00;-127.00;48.72;23.79
2023-11-04T14:46:07.386Z;-127.00;-127.00;48.71;23.79
2023-11-04T14:46:08.393Z;-127.00;-127.00;48.72;23.80
2023-11-04T14:46:09.400Z;-127.00;-127.00;48.71;23.80
2023-11-04T14:46:10.406Z;-127.00;-127.00;48.71;23.79
2023-11-04T14:46:11.413Z;-127.00;-127.00;48.70;23.80
2023-11-04T14:46:12.419Z;-127.00;-127.00;48.73;23.80
2023-11-04T14:46:13.426Z;-127.00;-127.00;48.75;23.80
2023-11-04T14:46:14.433Z;-127.00;-127.00;48.75;23.79
2023-11-04T14:46:15.440Z;-127.00;-127.00;48.76;23.79
2023-11-04T14:46:16.447Z;-127.00;-127.00;48.77;23.80
2023-11-04T14:46:17.454Z;-127.00;-127.00;48.75;23.80
2023-11-04T14:46:18.461Z;-127.00;-127.00;48.75;23.80
2023-11-04T14:46:19.467Z;-127.00;-127.00;48.73;23.80
2023-11-04T14:46:20.474Z;-127.00;-127.00;48.72;23.81
2023-11-04T14:46:21.480Z;-127.00;-127.00;48.68;23.81
2023-11-04T14:46:22.488Z;-127.00;-127.00;48.66;23.80
2023-11-04T14:46:23.494Z;-127.00;-127.00;48.63;23.80
2023-11-04T14:46:24.501Z;-127.00;-127.00;48.66;23.79
2023-11-04T14:46:25.507Z;-127.00;-127.00;48.68;23.79
2023-11-04T14:46:26.514Z;-127.00;-127.00;48.69;23.79
2023-11-04T14:46:27.520Z;-127.00;-127.00;48.70;23.79
2023-11-04T14:46:28.527Z;-127.00;-127.00;48.73;23.79
2023-11-04T14:46:29.536Z;-127.00;-127.00;48.77;23.79
2023-11-04T14:46:30.541Z;-127.00;-127.00;48.77;23.78
2023-11-04T14:46:31.548Z;-127.00;-127.00;48.76;23.79
2023-11-04T14:46:32.555Z;-127.00;-127.00;48.74;23.78
2023-11-04T14:46:33.561Z;-127.00;-127.00;48.74;23.78
2023-11-04T14:46:34.567Z;-127.00;-127.00;48.75;23.78
2023-11-04T14:46:35.574Z;-127.00;-127.00;48.74;23.78
2023-11-04T14:46:36.581Z;-127.00;-127.00;48.73;23.77
2023-11-04T14:46:37.588Z;-127.00;-127.00;48.74;23.77
2023-11-04T14:46:38.594Z;-127.00;-127.00;48.72;23.78
2023-11-04T14:46:39.601Z;-127.00;-127.00;48.70;23.78
2023-11-04T14:46:40.608Z;-127.00;-127.00;48.69;23.77
2023-11-04T14:46:41.614Z;-127.00;-127.00;48.67;23.77
2023-11-04T14:46:42.621Z;-127.00;-127.00;48.69;23.78
2023-11-04T14:46:43.628Z;-127.00;-127.00;48.72;23.77
2023-11-04T14:46:44.634Z;-127.00;-127.00;48.72;23.77
2023-11-04T14:46:45.641Z;-127.00;-127.00;48.72;23.77
2023-11-04T14:46:46.648Z;-127.00;-127.00;48.71;23.78
2023-11-04T14:46:47.655Z;-127.00;-127.00;48.72;23.78
2023-11-04T14:46:48.661Z;-127.00;-127.00;48.73;23.79
2023-11-04T14:46:49.668Z;-127.00;-127.00;48.73;23.80
2023-11-04T14:46:50.675Z;-127.00;-127.00;48.73;23.80
2023-11-04T14:46:51.681Z;-127.00;-127.00;48.75;23.80
2023-11-04T14:46:52.688Z;-127.00;-127.00;48.75;23.80
2023-11-04T14:46:53.695Z;-127.00;-127.00;48.75;23.81
2023-11-04T14:46:54.701Z;-127.00;-127.00;48.76;23.82
2023-11-04T14:46:55.708Z;-127.00;-127.00;48.84;23.82
2023-11-04T14:46:56.715Z;-127.00;-127.00;48.84;23.81
2023-11-04T14:46:57.722Z;-127.00;-127.00;48.84;23.82
2023-11-04T14:46:58.728Z;-127.00;-127.00;48.84;23.82
2023-11-04T14:46:59.735Z;-127.00;-127.00;48.84;23.82
2023-11-04T14:47:00.742Z;-127.00;-127.00;48.83;23.82
2023-11-04T14:47:01.749Z;-127.00;-127.00;48.80;23.83
2023-11-04T14:47:02.755Z;-127.00;-127.00;48.75;23.83
2023-11-04T14:47:03.762Z;-127.00;-127.00;48.69;23.83
2023-11-04T14:47:04.769Z;-127.00;-127.00;48.65;23.82
2023-11-04T14:47:05.775Z;-127.00;-127.00;48.59;23.82
2023-11-04T14:47:06.782Z;-127.00;-127.00;48.59;23.82
2023-11-04T14:47:07.789Z;-127.00;-127.00;48.60;23.82
2023-11-04T14:47:08.795Z;-127.00;-127.00;48.59;23.81
2023-11-04T14:47:09.802Z;-127.00;-127.00;48.58;23.81
2023-11-04T14:47:10.809Z;-127.00;-127.00;48.58;23.80
2023-11-04T14:47:11.815Z;-127.00;-127.00;48.61;23.81
2023-11-04T14:47:12.822Z;-127.00;-127.00;48.65;23.81
2023-11-04T14:47:13.829Z;-127.00;-127.00;48.81;23.81
2023-11-04T14:47:14.836Z;-127.00;-127.00;48.86;23.82
2023-11-04T14:47:15.842Z;-127.00;-127.00;48.79;23.82
2023-11-04T14:47:16.849Z;-127.00;-127.00;48.73;23.82
2023-11-04T14:47:17.856Z;-127.00;-127.00;48.66;23.82
2023-11-04T14:47:18.862Z;-127.00;-127.00;48.62;23.82
2023-11-04T14:47:19.869Z;-127.00;-127.00;48.61;23.81
2023-11-04T14:47:20.876Z;-127.00;-127.00;48.60;23.81
2023-11-04T14:47:21.882Z;-127.00;-127.00;48.61;23.81
2023-11-04T14:47:22.889Z;-127.00;-127.00;48.60;23.81
2023-11-04T14:47:23.896Z;-127.00;-127.00;48.61;23.80
2023-11-04T14:47:24.902Z;-127.00;-127.00;48.61;23.80
2023-11-04T14:47:25.909Z;-127.00;-127.00;48.61;23.80
2023-11-04T14:47:26.916Z;-127.00;-127.00;48.61;23.80
2023-11-04T14:47:27.923Z;-127.00;-127.00;48.62;23.80
2023-11-04T14:47:28.929Z;-127.00;-127.00;48.62;23.80
2023-11-04T14:47:29.936Z;-127.00;-127.00;48.64;23.80
2023-11-04T14:47:30.943Z;-127.00;-127.00;48.64;23.80
2023-11-04T14:47:31.949Z;-127.00;-127.00;48.66;23.82
2023-11-04T14:47:32.956Z;-127.00;-127.00;48.69;23.81
2023-11-04T14:47:33.963Z;-127.00;-127.00;48.70;23.81
2023-11-04T14:47:34.969Z;-127.00;-127.00;48.70;23.81
2023-11-04T14:47:35.976Z;-127.00;-127.00;48.70;23.80
2023-11-04T14:47:36.983Z;-127.00;-127.00;48.72;23.81
2023-11-04T14:47:37.990Z;-127.00;-127.00;48.71;23.80
2023-11-04T14:47:38.997Z;-127.00;-127.00;48.72;23.81
2023-11-04T14:47:40.003Z;-127.00;-127.00;48.74;23.81
2023-11-04T14:47:41.009Z;-127.00;-127.00;48.72;23.81
2023-11-04T14:47:42.017Z;-127.00;-127.00;48.74;23.82
2023-11-04T14:47:43.023Z;-127.00;-127.00;48.74;23.82
2023-11-04T14:47:44.030Z;-127.00;-127.00;48.70;23.83
2023-11-04T14:47:45.036Z;-127.00;-127.00;48.69;23.83
2023-11-04T14:47:46.043Z;-127.00;-127.00;48.67;23.83
2023-11-04T14:47:47.050Z;-127.00;-127.00;48.66;23.83
2023-11-04T14:47:48.057Z;-127.00;-127.00;48.67;23.84
2023-11-04T14:47:49.063Z;-127.00;-127.00;48.65;23.84
2023-11-04T14:47:50.070Z;-127.00;-127.00;48.64;23.84
2023-11-04T14:47:51.076Z;-127.00;-127.00;48.63;23.84
2023-11-04T14:47:52.083Z;-127.00;-127.00;48.60;23.84
2023-11-04T14:47:53.090Z;-127.00;-127.00;48.60;23.84
2023-11-04T14:47:54.097Z;-127.00;-127.00;48.59;23.83
2023-11-04T14:47:55.103Z;-127.00;-127.00;48.59;23.83
2023-11-04T14:47:56.110Z;-127.00;-127.00;48.55;23.83
2023-11-04T14:47:57.117Z;-127.00;-127.00;48.56;23.82
2023-11-04T14:47:58.123Z;-127.00;-127.00;48.57;23.82
2023-11-04T14:47:59.130Z;-127.00;-127.00;48.57;23.81
2023-11-04T14:48:00.137Z;-127.00;-127.00;48.58;23.81
2023-11-04T14:48:01.144Z;-127.00;-127.00;48.61;23.80
2023-11-04T14:48:02.150Z;-127.00;-127.00;48.62;23.80
2023-11-04T14:48:03.157Z;-127.00;-127.00;48.63;23.80
2023-11-04T14:48:04.163Z;-127.00;-127.00;48.64;23.80
2023-11-04T14:48:05.170Z;-127.00;-127.00;48.64;23.79
2023-11-04T14:48:06.178Z;-127.00;-127.00;48.66;23.79
2023-11-04T14:48:07.184Z;-127.00;-127.00;48.64;23.79
2023-11-04T14:48:08.191Z;-127.00;-127.00;48.66;23.79
2023-11-04T14:48:09.198Z;-127.00;-127.00;48.64;23.78
2023-11-04T14:48:10.204Z;-127.00;-127.00;48.65;23.78
2023-11-04T14:48:11.211Z;-127.00;-127.00;48.64;23.78
2023-11-04T14:48:12.218Z;-127.00;-127.00;48.63;23.79
2023-11-04T14:48:13.224Z;-127.00;-127.00;48.66;23.79
2023-11-04T14:48:14.233Z;-127.00;-127.00;48.66;23.79
2023-11-04T14:48:15.238Z;-127.00;-127.00;48.67;23.79
2023-11-04T14:48:16.245Z;-127.00;-127.00;48.69;23.79
2023-11-04T14:48:17.251Z;-127.00;-127.00;48.69;23.79
2023-11-04T14:48:18.258Z;-127.00;-127.00;48.69;23.79
2023-11-04T14:48:19.265Z;-127.00;-127.00;48.69;23.79
2023-11-04T14:48:20.271Z;-127.00;-127.00;48.69;23.79
2023-11-04T14:48:21.278Z;-127.00;-127.00;48.71;23.79
2023-11-04T14:48:22.285Z;-127.00;-127.00;48.70;23.78
2023-11-04T14:48:23.291Z;-127.00;-127.00;48.72;23.78
2023-11-04T14:48:24.298Z;-127.00;-127.00;48.73;23.78
2023-11-04T14:48:25.304Z;-127.00;-127.00;48.72;23.78
2023-11-04T14:48:26.311Z;-127.00;-127.00;48.71;23.77
2023-11-04T14:48:27.324Z;-127.00;-127.00;48.70;23.78
2023-11-04T14:48:28.325Z;-127.00;-127.00;48.70;23.78
2023-11-04T14:48:29.332Z;-127.00;-127.00;48.71;23.78
2023-11-04T14:48:30.338Z;-127.00;-127.00;48.70;23.78
2023-11-04T14:48:31.345Z;-127.00;-127.00;48.69;23.78
2023-11-04T14:48:32.351Z;-127.00;-127.00;48.68;23.79
2023-11-04T14:48:33.358Z;-127.00;-127.00;48.66;23.79
2023-11-04T14:48:34.365Z;-127.00;-127.00;48.67;23.79
2023-11-04T14:48:35.372Z;-127.00;-127.00;48.68;23.79
2023-11-04T14:48:36.379Z;-127.00;-127.00;48.68;23.79
2023-11-04T14:48:37.385Z;-127.00;-127.00;48.67;23.79
2023-11-04T14:48:38.392Z;-127.00;-127.00;48.69;23.79
2023-11-04T14:48:39.398Z;-127.00;-127.00;48.69;23.79
2023-11-04T14:48:40.405Z;-127.00;-127.00;48.68;23.79
2023-11-04T14:48:41.412Z;-127.00;-127.00;48.68;23.79
2023-11-04T14:48:42.419Z;-127.00;-127.00;48.68;23.79
2023-11-04T14:48:43.425Z;-127.00;-127.00;48.66;23.79
2023-11-04T14:48:44.432Z;-127.00;-127.00;48.68;23.79
2023-11-04T14:48:45.439Z;-127.00;-127.00;48.67;23.79
2023-11-04T14:48:46.445Z;-127.00;-127.00;48.66;23.79
2023-11-04T14:48:47.452Z;-127.00;-127.00;48.65;23.78
2023-11-04T14:48:48.459Z;-127.00;-127.00;48.67;23.78
2023-11-04T14:48:49.465Z;-127.00;-127.00;48.67;23.79
2023-11-04T14:48:50.472Z;-127.00;-127.00;48.68;23.78
2023-11-04T14:48:51.479Z;-127.00;-127.00;48.69;23.79
2023-11-04T14:48:52.486Z;-127.00;-127.00;48.66;23.79
2023-11-04T14:48:53.492Z;-127.00;-127.00;48.64;23.79
2023-11-04T14:48:54.499Z;-127.00;-127.00;48.63;23.79
2023-11-04T14:48:55.506Z;-127.00;-127.00;48.64;23.79
2023-11-04T14:48:56.513Z;-127.00;-127.00;48.66;23.79
2023-11-04T14:48:57.519Z;-127.00;-127.00;48.63;23.79
2023-11-04T14:48:58.526Z;-127.00;-127.00;48.67;23.79
2023-11-04T14:48:59.533Z;-127.00;-127.00;48.67;23.79
2023-11-04T14:49:00.539Z;-127.00;-127.00;49.32;23.78
2023-11-04T14:49:01.547Z;-127.00;-127.00;50.92;23.80
2023-11-04T14:49:02.553Z;-127.00;-127.00;51.71;23.81
2023-11-04T14:49:03.560Z;-127.00;-127.00;51.22;23.80
2023-11-04T14:49:04.566Z;-127.00;-127.00;50.30;23.79
2023-11-04T14:49:05.573Z;-127.00;-127.00;49.78;23.79
2023-11-04T14:49:06.579Z;-127.00;-127.00;49.66;23.80
2023-11-04T14:49:07.586Z;-127.00;-127.00;49.63;23.80
2023-11-04T14:49:08.593Z;-127.00;-127.00;49.48;23.80
2023-11-04T14:49:09.600Z;-127.00;-127.00;49.28;23.80
2023-11-04T14:49:10.606Z;-127.00;-127.00;49.13;23.80
2023-11-04T14:49:11.613Z;-127.00;-127.00;49.04;23.79
2023-11-04T14:49:12.620Z;-127.00;-127.00;49.01;23.80
2023-11-04T14:49:13.626Z;-127.00;-127.00;48.97;23.79
2023-11-04T14:49:14.633Z;-127.00;-127.00;48.95;23.79
2023-11-04T14:49:15.640Z;-127.00;-127.00;48.91;23.79
2023-11-04T14:49:16.647Z;-127.00;-127.00;48.88;23.79
2023-11-04T14:49:17.653Z;-127.00;-127.00;48.87;23.79
2023-11-04T14:49:18.660Z;-127.00;-127.00;48.91;23.79
2023-11-04T14:49:19.666Z;-127.00;-127.00;48.93;23.79
2023-11-04T14:49:20.673Z;-127.00;-127.00;49.00;23.80
2023-11-04T14:49:21.680Z;-127.00;-127.00;48.98;23.79
2023-11-04T14:49:22.686Z;-127.00;-127.00;48.96;23.80
2023-11-04T14:49:23.693Z;-127.00;-127.00;48.87;23.79
2023-11-04T14:49:24.700Z;-127.00;-127.00;48.82;23.79
2023-11-04T14:49:25.707Z;-127.00;-127.00;48.79;23.79
2023-11-04T14:49:26.713Z;-127.00;-127.00;48.80;23.79
2023-11-04T14:49:27.720Z;-127.00;-127.00;48.80;23.80
2023-11-04T14:49:28.727Z;-127.00;-127.00;48.80;23.80
2023-11-04T14:49:29.733Z;-127.00;-127.00;48.80;23.80
2023-11-04T14:49:30.740Z;-127.00;-127.00;48.77;23.80
2023-11-04T14:49:31.747Z;-127.00;-127.00;48.77;23.80
2023-11-04T14:49:32.753Z;-127.00;-127.00;48.77;23.80
2023-11-04T14:49:33.760Z;-127.00;-127.00;48.75;23.80
2023-11-04T14:49:34.767Z;-127.00;-127.00;48.77;23.80
2023-11-04T14:49:35.773Z;-127.00;-127.00;48.76;23.81
2023-11-04T14:49:36.780Z;-127.00;-127.00;48.76;23.81
2023-11-04T14:49:37.787Z;-127.00;-127.00;48.75;23.81
2023-11-04T14:49:38.794Z;-127.00;-127.00;48.75;23.81
2023-11-04T14:49:39.801Z;-127.00;-127.00;48.76;23.81
2023-11-04T14:49:40.807Z;-127.00;-127.00;48.75;23.81
2023-11-04T14:49:41.814Z;-127.00;-127.00;48.71;23.81
2023-11-04T14:49:42.821Z;-127.00;-127.00;48.70;23.81
2023-11-04T14:49:43.827Z;-127.00;-127.00;48.69;23.81
2023-11-04T14:49:44.834Z;-127.00;-127.00;48.67;23.80
2023-11-04T14:49:45.840Z;-127.00;-127.00;48.68;23.80
2023-11-04T14:49:46.847Z;-127.00;-127.00;48.69;23.79
2023-11-04T14:49:47.854Z;-127.00;-127.00;48.69;23.80
2023-11-04T14:49:48.861Z;-127.00;-127.00;48.69;23.80
2023-11-04T14:49:49.868Z;-127.00;-127.00;48.73;23.80
2023-11-04T14:49:50.876Z;-127.00;-127.00;48.75;23.80
2023-11-04T14:49:51.881Z;-127.00;-127.00;48.75;23.80
2023-11-04T14:49:52.887Z;-127.00;-127.00;48.73;23.79
2023-11-04T14:49:53.894Z;-127.00;-127.00;48.73;23.79
2023-11-04T14:49:54.901Z;-127.00;-127.00;48.74;23.79
2023-11-04T14:49:55.908Z;-127.00;-127.00;48.76;23.79
2023-11-04T14:49:56.914Z;-127.00;-127.00;48.76;23.79
2023-11-04T14:49:57.921Z;-127.00;-127.00;48.77;23.80
2023-11-04T14:49:58.928Z;-127.00;-127.00;48.78;23.80
2023-11-04T14:49:59.935Z;-127.00;-127.00;48.78;23.79
2023-11-04T14:50:00.942Z;-127.00;-127.00;48.77;23.79
2023-11-04T14:50:01.948Z;-127.00;-127.00;48.77;23.80
2023-11-04T14:50:02.955Z;-127.00;-127.00;48.78;23.80
2023-11-04T14:50:03.962Z;-127.00;-127.00;48.77;23.80
2023-11-04T14:50:04.968Z;-127.00;-127.00;48.77;23.80
2023-11-04T14:50:05.975Z;-127.00;-127.00;48.76;23.80
2023-11-04T14:50:06.982Z;-127.00;-127.00;48.75;23.80
2023-11-04T14:50:07.988Z;-127.00;-127.00;48.74;23.81
2023-11-04T14:50:08.995Z;-127.00;-127.00;48.73;23.80
2023-11-04T14:50:10.002Z;-127.00;-127.00;48.75;23.81
2023-11-04T14:50:11.008Z;-127.00;-127.00;48.76;23.80
2023-11-04T14:50:12.015Z;-127.00;-127.00;49.61;23.81
2023-11-04T14:50:13.022Z;-127.00;-127.00;50.21;23.82
2023-11-04T14:50:14.029Z;-127.00;-127.00;50.32;23.83
2023-11-04T14:50:15.035Z;-127.00;-127.00;50.12;23.83
2023-11-04T14:50:16.042Z;-127.00;-127.00;49.69;23.84
2023-11-04T14:50:17.049Z;-127.00;-127.00;49.38;23.84
2023-11-04T14:50:18.056Z;-127.00;-127.00;49.17;23.84
2023-11-04T14:50:19.062Z;-127.00;-127.00;49.04;23.84
2023-11-04T14:50:20.069Z;-127.00;-127.00;48.93;23.84
2023-11-04T14:50:21.076Z;-127.00;-127.00;48.85;23.84
2023-11-04T14:50:22.082Z;-127.00;-127.00;48.82;23.84
2023-11-04T14:50:23.089Z;-127.00;-127.00;48.75;23.84
2023-11-04T14:50:24.095Z;-127.00;-127.00;48.70;23.84
2023-11-04T14:50:25.102Z;-127.00;-127.00;48.68;23.84
2023-11-04T14:50:26.109Z;-127.00;-127.00;48.67;23.84
2023-11-04T14:50:27.115Z;-127.00;-127.00;48.67;23.83
2023-11-04T14:50:28.122Z;-127.00;-127.00;48.64;23.83
2023-11-04T14:50:29.129Z;-127.00;-127.00;48.63;23.83
2023-11-04T14:50:30.136Z;-127.00;-127.00;48.64;23.82
2023-11-04T14:50:31.142Z;-127.00;-127.00;48.64;23.82
2023-11-04T14:50:32.149Z;-127.00;-127.00;48.62;23.81
2023-11-04T14:50:33.156Z;-127.00;-127.00;48.63;23.81
2023-11-04T14:50:34.162Z;-127.00;-127.00;48.62;23.81
2023-11-04T14:50:35.169Z;-127.00;-127.00;48.63;23.80
2023-11-04T14:50:36.176Z;-127.00;-127.00;48.66;23.81
2023-11-04T14:50:37.183Z;-127.00;-127.00;48.71;23.80
2023-11-04T14:50:38.189Z;-127.00;-127.00;48.70;23.80
2023-11-04T14:50:39.196Z;-127.00;-127.00;48.70;23.80
2023-11-04T14:50:40.203Z;-127.00;-127.00;48.69;23.80
2023-11-04T14:50:41.210Z;-127.00;-127.00;48.67;23.80
2023-11-04T14:50:42.216Z;-127.00;-127.00;48.69;23.81
2023-11-04T14:50:43.223Z;-127.00;-127.00;48.68;23.80
2023-11-04T14:50:44.230Z;-127.00;-127.00;48.70;23.80
2023-11-04T14:50:45.236Z;-127.00;-127.00;48.71;23.81
2023-11-04T14:50:46.243Z;-127.00;-127.00;48.71;23.81
2023-11-04T14:50:47.250Z;-127.00;-127.00;48.72;23.81
2023-11-04T14:50:48.256Z;-127.00;-127.00;48.70;23.82
2023-11-04T14:50:49.263Z;-127.00;-127.00;48.68;23.82
2023-11-04T14:50:50.270Z;-127.00;-127.00;48.67;23.82
2023-11-04T14:50:51.276Z;-127.00;-127.00;48.67;23.82
2023-11-04T14:50:52.283Z;-127.00;-127.00;48.66;23.82
2023-11-04T14:50:53.290Z;-127.00;-127.00;48.65;23.81
2023-11-04T14:50:54.296Z;-127.00;-127.00;48.62;23.81
2023-11-04T14:50:55.303Z;-127.00;-127.00;48.61;23.81
2023-11-04T14:50:56.310Z;-127.00;-127.00;48.67;23.81
2023-11-04T14:50:57.317Z;-127.00;-127.00;48.70;23.80
2023-11-04T14:50:58.323Z;-127.00;-127.00;49.44;23.81
2023-11-04T14:50:59.330Z;-127.00;-127.00;50.56;23.83
2023-11-04T14:51:00.337Z;-127.00;-127.00;50.39;23.82
2023-11-04T14:51:01.343Z;-127.00;-127.00;49.74;23.82
2023-11-04T14:51:02.350Z;-127.00;-127.00;49.29;23.81
2023-11-04T14:51:03.357Z;-127.00;-127.00;49.10;23.81
2023-11-04T14:51:04.363Z;-127.00;-127.00;49.02;23.82
2023-11-04T14:51:05.370Z;-127.00;-127.00;48.92;23.81
2023-11-04T14:51:06.377Z;-127.00;-127.00;48.89;23.81
2023-11-04T14:51:07.383Z;-127.00;-127.00;48.86;23.81
2023-11-04T14:51:08.390Z;-127.00;-127.00;48.87;23.81
2023-11-04T14:51:09.397Z;-127.00;-127.00;48.88;23.82
2023-11-04T14:51:10.404Z;-127.00;-127.00;48.90;23.82
2023-11-04T14:51:11.410Z;-127.00;-127.00;48.88;23.82
2023-11-04T14:51:12.418Z;-127.00;-127.00;48.87;23.83
2023-11-04T14:51:13.424Z;-127.00;-127.00;48.85;23.83
2023-11-04T14:51:14.431Z;-127.00;-127.00;48.83;23.83
2023-11-04T14:51:15.438Z;-127.00;-127.00;48.79;23.83
2023-11-04T14:51:16.444Z;-127.00;-127.00;48.77;23.83
2023-11-04T14:51:17.451Z;-127.00;-127.00;48.75;23.82
2023-11-04T14:51:18.458Z;-127.00;-127.00;48.75;23.82
2023-11-04T14:51:19.465Z;-127.00;-127.00;48.75;23.82
2023-11-04T14:51:20.471Z;-127.00;-127.00;48.76;23.83
2023-11-04T14:51:21.478Z;-127.00;-127.00;48.77;23.83
2023-11-04T14:51:22.485Z;-127.00;-127.00;48.75;23.83
2023-11-04T14:51:23.491Z;-127.00;-127.00;48.75;23.83
2023-11-04T14:51:24.498Z;-127.00;-127.00;48.75;23.83
2023-11-04T14:51:25.505Z;-127.00;-127.00;48.73;23.83
2023-11-04T14:51:26.511Z;-127.00;-127.00;48.71;23.83
2023-11-04T14:51:27.518Z;-127.00;-127.00;48.69;23.83
2023-11-04T14:51:28.525Z;-127.00;-127.00;48.66;23.83
2023-11-04T14:51:29.531Z;-127.00;-127.00;48.64;23.83
2023-11-04T14:51:30.538Z;-127.00;-127.00;48.63;23.83
2023-11-04T14:51:31.545Z;-127.00;-127.00;48.60;23.83
2023-11-04T14:51:32.552Z;-127.00;-127.00;48.62;23.83
2023-11-04T14:51:33.558Z;-127.00;-127.00;48.59;23.83
2023-11-04T14:51:34.565Z;-127.00;-127.00;48.59;23.84
2023-11-04T14:51:35.572Z;-127.00;-127.00;48.62;23.84
2023-11-04T14:51:36.578Z;-127.00;-127.00;48.63;23.85
2023-11-04T14:51:37.585Z;-127.00;-127.00;48.65;23.84
2023-11-04T14:51:38.592Z;-127.00;-127.00;48.62;23.83
2023-11-04T14:51:39.598Z;-127.00;-127.00;48.61;23.83
2023-11-04T14:51:40.605Z;-127.00;-127.00;48.60;23.84
2023-11-04T14:51:41.612Z;-127.00;-127.00;48.55;23.83
2023-11-04T14:51:42.619Z;-127.00;-127.00;48.56;23.83
2023-11-04T14:51:43.625Z;-127.00;-127.00;48.57;23.83
2023-11-04T14:51:44.632Z;-127.00;-127.00;48.58;23.82
2023-11-04T14:51:45.639Z;-127.00;-127.00;48.59;23.82
2023-11-04T14:51:46.645Z;-127.00;-127.00;48.61;23.82
2023-11-04T14:51:47.652Z;-127.00;-127.00;48.63;23.83
2023-11-04T14:51:48.659Z;-127.00;-127.00;48.64;23.83
2023-11-04T14:51:49.665Z;-127.00;-127.00;48.65;23.83
2023-11-04T14:51:50.672Z;-127.00;-127.00;48.66;23.84
2023-11-04T14:51:51.679Z;-127.00;-127.00;48.64;23.84
2023-11-04T14:51:52.686Z;-127.00;-127.00;48.63;23.85
2023-11-04T14:51:53.692Z;-127.00;-127.00;48.61;23.84
2023-11-04T14:51:54.699Z;-127.00;-127.00;48.58;23.84
2023-11-04T14:51:55.705Z;-127.00;-127.00;48.59;23.84
2023-11-04T14:51:56.712Z;-127.00;-127.00;49.10;23.85
2023-11-04T14:51:57.719Z;-127.00;-127.00;50.10;23.86
2023-11-04T14:51:58.726Z;-127.00;-127.00;49.86;23.86
2023-11-04T14:51:59.733Z;-127.00;-127.00;49.35;23.86
2023-11-04T14:52:00.739Z;-127.00;-127.00;49.09;23.86
2023-11-04T14:52:01.746Z;-127.00;-127.00;48.93;23.86
2023-11-04T14:52:02.753Z;-127.00;-127.00;48.81;23.86
2023-11-04T14:52:03.759Z;-127.00;-127.00;48.76;23.86
2023-11-04T14:52:04.766Z;-127.00;-127.00;48.72;23.86
2023-11-04T14:52:05.773Z;-127.00;-127.00;48.70;23.86
2023-11-04T14:52:06.780Z;-127.00;-127.00;48.65;23.86
2023-11-04T14:52:07.786Z;-127.00;-127.00;48.63;23.86
2023-11-04T14:52:08.793Z;-127.00;-127.00;48.62;23.87
2023-11-04T14:52:09.799Z;-127.00;-127.00;48.59;23.87
2023-11-04T14:52:10.806Z;-127.00;-127.00;48.60;23.86
2023-11-04T14:52:11.813Z;-127.00;-127.00;48.58;23.86
2023-11-04T14:52:12.820Z;-127.00;-127.00;48.55;23.86
2023-11-04T14:52:13.826Z;-127.00;-127.00;48.54;23.86
2023-11-04T14:52:14.833Z;-127.00;-127.00;48.53;23.86
2023-11-04T14:52:15.840Z;-127.00;-127.00;48.55;23.86
2023-11-04T14:52:16.846Z;-127.00;-127.00;48.56;23.87
2023-11-04T14:52:17.853Z;-127.00;-127.00;48.54;23.87
2023-11-04T14:52:18.860Z;-127.00;-127.00;48.51;23.86
2023-11-04T14:52:19.866Z;-127.00;-127.00;48.51;23.86
2023-11-04T14:52:20.873Z;-127.00;-127.00;48.52;23.85
2023-11-04T14:52:21.880Z;-127.00;-127.00;48.53;23.85
2023-11-04T14:52:22.886Z;-127.00;-127.00;48.54;23.85
2023-11-04T14:52:23.893Z;-127.00;-127.00;48.54;23.85
2023-11-04T14:52:24.900Z;-127.00;-127.00;48.55;23.85
2023-11-04T14:52:25.907Z;-127.00;-127.00;48.57;23.86
2023-11-04T14:52:26.914Z;-127.00;-127.00;48.57;23.85
2023-11-04T14:52:27.920Z;-127.00;-127.00;48.57;23.85
2023-11-04T14:52:28.927Z;-127.00;-127.00;48.59;23.85
2023-11-04T14:52:29.934Z;-127.00;-127.00;48.59;23.86
2023-11-04T14:52:30.940Z;-127.00;-127.00;48.58;23.86
2023-11-04T14:52:31.947Z;-127.00;-127.00;48.56;23.86
2023-11-04T14:52:32.953Z;-127.00;-127.00;49.06;23.86
2023-11-04T14:52:33.960Z;-127.00;-127.00;49.42;23.86
2023-11-04T14:52:34.967Z;-127.00;-127.00;49.27;23.87
2023-11-04T14:52:35.974Z;-127.00;-127.00;49.00;23.87
2023-11-04T14:52:36.980Z;-127.00;-127.00;48.83;23.87
2023-11-04T14:52:37.987Z;-127.00;-127.00;49.22;23.88
2023-11-04T14:52:38.994Z;-127.00;-127.00;49.65;23.87
2023-11-04T14:52:40.000Z;-127.00;-127.00;49.35;23.87
2023-11-04T14:52:41.007Z;-127.00;-127.00;49.04;23.87
2023-11-04T14:52:42.014Z;-127.00;-127.00;48.91;23.87
2023-11-04T14:52:43.021Z;-127.00;-127.00;48.82;23.87
2023-11-04T14:52:44.027Z;-127.00;-127.00;48.74;23.87
2023-11-04T14:52:45.034Z;-127.00;-127.00;48.67;23.87
2023-11-04T14:52:46.041Z;-127.00;-127.00;48.65;23.87
2023-11-04T14:52:47.047Z;-127.00;-127.00;48.62;23.86
2023-11-04T14:52:48.054Z;-127.00;-127.00;48.58;23.86
2023-11-04T14:52:49.060Z;-127.00;-127.00;48.57;23.86
2023-11-04T14:52:50.067Z;-127.00;-127.00;48.56;23.86
2023-11-04T14:52:51.074Z;-127.00;-127.00;48.55;23.86
2023-11-04T14:52:52.081Z;-127.00;-127.00;48.56;23.86
2023-11-04T14:52:53.088Z;-127.00;-127.00;48.54;23.86
2023-11-04T14:52:54.094Z;-127.00;-127.00;48.54;23.86
2023-11-04T14:52:55.101Z;-127.00;-127.00;48.52;23.85
2023-11-04T14:52:56.108Z;-127.00;-127.00;48.55;23.85
2023-11-04T14:52:57.114Z;-127.00;-127.00;48.54;23.85
2023-11-04T14:52:58.121Z;-127.00;-127.00;48.53;23.85
2023-11-04T14:52:59.128Z;-127.00;-127.00;48.53;23.85
2023-11-04T14:53:00.134Z;-127.00;-127.00;48.50;23.85
2023-11-04T14:53:01.141Z;-127.00;-127.00;48.50;23.84
2023-11-04T14:53:02.148Z;-127.00;-127.00;48.50;23.85
2023-11-04T14:53:03.154Z;-127.00;-127.00;48.52;23.85
2023-11-04T14:53:04.162Z;-127.00;-127.00;48.54;23.84
2023-11-04T14:53:05.168Z;-127.00;-127.00;48.50;23.85
2023-11-04T14:53:06.175Z;-127.00;-127.00;48.49;23.84
2023-11-04T14:53:07.182Z;-127.00;-127.00;48.53;23.85
2023-11-04T14:53:08.188Z;-127.00;-127.00;48.50;23.84
2023-11-04T14:53:09.195Z;-127.00;-127.00;48.53;23.84
2023-11-04T14:53:10.202Z;-127.00;-127.00;48.54;23.83
2023-11-04T14:53:11.208Z;-127.00;-127.00;48.54;23.83
2023-11-04T14:53:12.215Z;-127.00;-127.00;48.55;23.84
2023-11-04T14:53:13.222Z;-127.00;-127.00;48.57;23.84
2023-11-04T14:53:14.229Z;-127.00;-127.00;48.57;23.85
2023-11-04T14:53:15.235Z;-127.00;-127.00;48.56;23.85
2023-11-04T14:53:16.242Z;-127.00;-127.00;48.57;23.85
2023-11-04T14:53:17.249Z;-127.00;-127.00;48.53;23.85
2023-11-04T14:53:18.256Z;-127.00;-127.00;48.53;23.85
2023-11-04T14:53:19.262Z;-127.00;-127.00;48.52;23.85
2023-11-04T14:53:20.269Z;-127.00;-127.00;48.48;23.84
2023-11-04T14:53:21.276Z;-127.00;-127.00;48.48;23.84
2023-11-04T14:53:22.282Z;-127.00;-127.00;48.49;23.84
2023-11-04T14:53:23.289Z;-127.00;-127.00;48.52;23.83
2023-11-04T14:53:24.296Z;-127.00;-127.00;48.59;23.83
2023-11-04T14:53:25.302Z;-127.00;-127.00;48.71;23.83
2023-11-04T14:53:26.309Z;-127.00;-127.00;48.79;23.83
2023-11-04T14:53:27.315Z;-127.00;-127.00;48.73;23.83
2023-11-04T14:53:28.322Z;-127.00;-127.00;48.78;23.82
2023-11-04T14:53:29.329Z;-127.00;-127.00;49.09;23.83
2023-11-04T14:53:30.336Z;-127.00;-127.00;48.89;23.83
2023-11-04T14:53:31.343Z;-127.00;-127.00;48.77;23.83
2023-11-04T14:53:32.349Z;-127.00;-127.00;48.71;23.82
2023-11-04T14:53:33.356Z;-127.00;-127.00;48.68;23.83
2023-11-04T14:53:34.363Z;-127.00;-127.00;48.67;23.83
2023-11-04T14:53:35.369Z;-127.00;-127.00;48.68;23.83
2023-11-04T14:53:36.376Z;-127.00;-127.00;48.67;23.83
2023-11-04T14:53:37.383Z;-127.00;-127.00;48.69;23.82
2023-11-04T14:53:38.389Z;-127.00;-127.00;48.67;23.82
2023-11-04T14:53:39.396Z;-127.00;-127.00;48.68;23.82
2023-11-04T14:53:40.403Z;-127.00;-127.00;48.67;23.82
2023-11-04T14:53:41.410Z;-127.00;-127.00;48.69;23.82
2023-11-04T14:53:42.416Z;-127.00;-127.00;48.68;23.82
2023-11-04T14:53:43.423Z;-127.00;-127.00;48.68;23.82
2023-11-04T14:53:44.430Z;-127.00;-127.00;48.67;23.83
2023-11-04T14:53:45.436Z;-127.00;-127.00;48.66;23.83
2023-11-04T14:53:46.443Z;-127.00;-127.00;48.66;23.82
2023-11-04T14:53:47.450Z;-127.00;-127.00;48.66;23.83
2023-11-04T14:53:48.456Z;-127.00;-127.00;48.66;23.83
2023-11-04T14:53:49.464Z;-127.00;-127.00;48.62;23.83
2023-11-04T14:53:50.470Z;-127.00;-127.00;48.57;23.83
2023-11-04T14:53:51.477Z;-127.00;-127.00;48.52;23.83
2023-11-04T14:53:52.483Z;-127.00;-127.00;48.51;23.83
2023-11-04T14:53:53.490Z;-127.00;-127.00;48.51;23.83
2023-11-04T14:53:54.497Z;-127.00;-127.00;48.52;23.83
2023-11-04T14:53:55.504Z;-127.00;-127.00;48.52;23.83
2023-11-04T14:53:56.510Z;-127.00;-127.00;48.77;23.83
2023-11-04T14:53:57.517Z;-127.00;-127.00;49.71;23.83
2023-11-04T14:53:58.524Z;-127.00;-127.00;49.90;23.83
2023-11-04T14:53:59.530Z;-127.00;-127.00;49.65;23.83
2023-11-04T14:54:00.537Z;-127.00;-127.00;49.36;23.83
2023-11-04T14:54:01.544Z;-127.00;-127.00;49.25;23.83
2023-11-04T14:54:02.550Z;-127.00;-127.00;49.03;23.83
2023-11-04T14:54:03.557Z;-127.00;-127.00;48.90;23.83
2023-11-04T14:54:04.563Z;-127.00;-127.00;48.87;23.84
2023-11-04T14:54:05.570Z;-127.00;-127.00;48.84;23.84
2023-11-04T14:54:06.577Z;-127.00;-127.00;48.77;23.85
2023-11-04T14:54:07.584Z;-127.00;-127.00;48.75;23.85
2023-11-04T14:54:08.590Z;-127.00;-127.00;48.69;23.85
2023-11-04T14:54:09.597Z;-127.00;-127.00;48.64;23.85
2023-11-04T14:54:10.604Z;-127.00;-127.00;48.57;23.85
2023-11-04T14:54:11.611Z;-127.00;-127.00;48.54;23.85
2023-11-04T14:54:12.617Z;-127.00;-127.00;48.53;23.85
2023-11-04T14:54:13.624Z;-127.00;-127.00;48.54;23.85
2023-11-04T14:54:14.631Z;-127.00;-127.00;48.53;23.84
2023-11-04T14:54:15.637Z;-127.00;-127.00;48.53;23.85
2023-11-04T14:54:16.644Z;-127.00;-127.00;48.52;23.85
2023-11-04T14:54:17.651Z;-127.00;-127.00;48.54;23.84
2023-11-04T14:54:18.657Z;-127.00;-127.00;48.50;23.84
2023-11-04T14:54:19.664Z;-127.00;-127.00;48.51;23.84
2023-11-04T14:54:20.671Z;-127.00;-127.00;48.50;23.84
2023-11-04T14:54:21.677Z;-127.00;-127.00;48.51;23.84
2023-11-04T14:54:22.683Z;-127.00;-127.00;48.56;23.84
2023-11-04T14:54:23.690Z;-127.00;-127.00;48.57;23.85
2023-11-04T14:54:24.696Z;-127.00;-127.00;48.63;23.85
2023-11-04T14:54:25.703Z;-127.00;-127.00;48.54;23.85
2023-11-04T14:54:26.710Z;-127.00;-127.00;48.54;23.84
2023-11-04T14:54:27.717Z;-127.00;-127.00;48.54;23.84
2023-11-04T14:54:28.723Z;-127.00;-127.00;48.55;23.84
2023-11-04T14:54:29.730Z;-127.00;-127.00;48.54;23.85
2023-11-04T14:54:30.737Z;-127.00;-127.00;48.57;23.84
2023-11-04T14:54:31.743Z;-127.00;-127.00;48.57;23.85
2023-11-04T14:54:32.750Z;-127.00;-127.00;48.57;23.85
2023-11-04T14:54:33.757Z;-127.00;-127.00;48.58;23.85
2023-11-04T14:54:34.763Z;-127.00;-127.00;49.57;23.85
2023-11-04T14:54:35.770Z;-127.00;-127.00;49.97;23.86
2023-11-04T14:54:36.777Z;-127.00;-127.00;50.07;23.86
2023-11-04T14:54:37.784Z;-127.00;-127.00;50.61;23.86
2023-11-04T14:54:38.789Z;-127.00;-127.00;51.83;23.86
2023-11-04T14:54:39.796Z;-127.00;-127.00;51.17;23.86
2023-11-04T14:54:40.803Z;-127.00;-127.00;50.30;23.86
2023-11-04T14:54:41.810Z;-127.00;-127.00;50.10;23.86
2023-11-04T14:54:42.816Z;-127.00;-127.00;50.21;23.86
2023-11-04T14:54:43.823Z;-127.00;-127.00;50.22;23.87
2023-11-04T14:54:44.834Z;-127.00;-127.00;49.94;23.88
2023-11-04T14:54:45.836Z;-127.00;-127.00;49.66;23.87
2023-11-04T14:54:46.843Z;-127.00;-127.00;49.42;23.88
2023-11-04T14:54:47.850Z;-127.00;-127.00;49.27;23.88
2023-11-04T14:54:48.857Z;-127.00;-127.00;49.17;23.88
2023-11-04T14:54:49.863Z;-127.00;-127.00;49.07;23.87
2023-11-04T14:54:50.870Z;-127.00;-127.00;48.93;23.87
2023-11-04T14:54:51.876Z;-127.00;-127.00;48.88;23.87
2023-11-04T14:54:52.883Z;-127.00;-127.00;48.82;23.87
2023-11-04T14:54:53.890Z;-127.00;-127.00;48.76;23.86
2023-11-04T14:54:54.896Z;-127.00;-127.00;48.75;23.86
2023-11-04T14:54:55.902Z;-127.00;-127.00;48.73;23.86
2023-11-04T14:54:56.909Z;-127.00;-127.00;48.70;23.85
2023-11-04T14:54:57.915Z;-127.00;-127.00;48.68;23.85
2023-11-04T14:54:58.922Z;-127.00;-127.00;48.69;23.85
2023-11-04T14:54:59.929Z;-127.00;-127.00;48.72;23.84
2023-11-04T14:55:00.936Z;-127.00;-127.00;48.71;23.85
2023-11-04T14:55:01.942Z;-127.00;-127.00;48.73;23.84
2023-11-04T14:55:02.949Z;-127.00;-127.00;48.75;23.85
2023-11-04T14:55:03.956Z;-127.00;-127.00;48.77;23.86
2023-11-04T14:55:04.962Z;-127.00;-127.00;48.75;23.85
2023-11-04T14:55:05.969Z;-127.00;-127.00;48.74;23.85
2023-11-04T14:55:06.976Z;-127.00;-127.00;48.75;23.85
2023-11-04T14:55:07.983Z;-127.00;-127.00;48.94;23.85
2023-11-04T14:55:08.989Z;-127.00;-127.00;49.40;23.86
2023-11-04T14:55:09.996Z;-127.00;-127.00;49.43;23.86
2023-11-04T14:55:11.003Z;-127.00;-127.00;49.38;23.87
2023-11-04T14:55:12.009Z;-127.00;-127.00;49.29;23.87
2023-11-04T14:55:13.016Z;-127.00;-127.00;49.07;23.87
2023-11-04T14:55:14.023Z;-127.00;-127.00;48.95;23.87
2023-11-04T14:55:15.030Z;-127.00;-127.00;48.85;23.87
2023-11-04T14:55:16.036Z;-127.00;-127.00;48.80;23.88
2023-11-04T14:55:17.043Z;-127.00;-127.00;48.80;23.88
2023-11-04T14:55:18.050Z;-127.00;-127.00;48.76;23.88
2023-11-04T14:55:19.056Z;-127.00;-127.00;48.74;23.87
2023-11-04T14:55:20.063Z;-127.00;-127.00;48.71;23.88
2023-11-04T14:55:21.070Z;-127.00;-127.00;48.71;23.87
2023-11-04T14:55:22.076Z;-127.00;-127.00;48.71;23.88
2023-11-04T14:55:23.083Z;-127.00;-127.00;48.69;23.88
2023-11-04T14:55:24.090Z;-127.00;-127.00;48.67;23.87
2023-11-04T14:55:25.096Z;-127.00;-127.00;48.66;23.87
2023-11-04T14:55:26.103Z;-127.00;-127.00;48.63;23.88
2023-11-04T14:55:27.110Z;-127.00;-127.00;48.62;23.88
2023-11-04T14:55:28.117Z;-127.00;-127.00;48.63;23.88
2023-11-04T14:55:29.123Z;-127.00;-127.00;48.61;23.87
2023-11-04T14:55:30.130Z;-127.00;-127.00;48.60;23.87
2023-11-04T14:55:31.136Z;-127.00;-127.00;48.62;23.87
2023-11-04T14:55:32.144Z;-127.00;-127.00;48.64;23.88
2023-11-04T14:55:33.150Z;-127.00;-127.00;48.63;23.88
2023-11-04T14:55:34.158Z;-127.00;-127.00;48.63;23.88
2023-11-04T14:55:35.164Z;-127.00;-127.00;48.60;23.87
2023-11-04T14:55:36.170Z;-127.00;-127.00;48.59;23.87
2023-11-04T14:55:37.177Z;-127.00;-127.00;48.60;23.87
2023-11-04T14:55:38.183Z;-127.00;-127.00;48.61;23.87
2023-11-04T14:55:39.191Z;-127.00;-127.00;48.61;23.87
2023-11-04T14:55:40.197Z;-127.00;-127.00;48.62;23.87
2023-11-04T14:55:41.204Z;-127.00;-127.00;48.61;23.87
2023-11-04T14:55:42.210Z;-127.00;-127.00;48.57;23.87
2023-11-04T14:55:43.217Z;-127.00;-127.00;48.59;23.88
2023-11-04T14:55:44.224Z;-127.00;-127.00;48.59;23.87
2023-11-04T14:55:45.231Z;-127.00;-127.00;48.57;23.87
2023-11-04T14:55:46.237Z;-127.00;-127.00;48.57;23.87
2023-11-04T14:55:47.244Z;-127.00;-127.00;48.54;23.87
2023-11-04T14:55:48.250Z;-127.00;-127.00;48.55;23.87
2023-11-04T14:55:49.257Z;-127.00;-127.00;48.59;23.87
2023-11-04T14:55:50.264Z;-127.00;-127.00;48.62;23.87
2023-11-04T14:55:51.270Z;-127.00;-127.00;48.63;23.86
2023-11-04T14:55:52.277Z;-127.00;-127.00;48.61;23.87
2023-11-04T14:55:53.284Z;-127.00;-127.00;48.64;23.87
2023-11-04T14:55:54.291Z;-127.00;-127.00;48.63;23.87
2023-11-04T14:55:55.297Z;-127.00;-127.00;48.64;23.87
2023-11-04T14:55:56.304Z;-127.00;-127.00;48.64;23.87
2023-11-04T14:55:57.311Z;-127.00;-127.00;48.64;23.86
2023-11-04T14:55:58.318Z;-127.00;-127.00;48.64;23.86
2023-11-04T14:55:59.324Z;-127.00;-127.00;48.64;23.87
2023-11-04T14:56:00.331Z;-127.00;-127.00;48.60;23.86
2023-11-04T14:56:01.338Z;-127.00;-127.00;48.61;23.86
2023-11-04T14:56:02.344Z;-127.00;-127.00;48.59;23.87
2023-11-04T14:56:03.351Z;-127.00;-127.00;48.57;23.87
2023-11-04T14:56:04.358Z;-127.00;-127.00;48.56;23.86
2023-11-04T14:56:05.364Z;-127.00;-127.00;48.55;23.87
2023-11-04T14:56:06.371Z;-127.00;-127.00;48.57;23.87
2023-11-04T14:56:07.378Z;-127.00;-127.00;48.56;23.86
2023-11-04T14:56:08.385Z;-127.00;-127.00;48.56;23.87
2023-11-04T14:56:09.391Z;-127.00;-127.00;48.55;23.86
2023-11-04T14:56:10.398Z;-127.00;-127.00;48.55;23.86
2023-11-04T14:56:11.405Z;-127.00;-127.00;48.59;23.87
2023-11-04T14:56:12.412Z;-127.00;-127.00;48.60;23.87
2023-11-04T14:56:13.418Z;-127.00;-127.00;48.57;23.87
2023-11-04T14:56:14.425Z;-127.00;-127.00;48.54;23.87
2023-11-04T14:56:15.437Z;-127.00;-127.00;48.53;23.86
2023-11-04T14:56:16.439Z;-127.00;-127.00;48.54;23.87
2023-11-04T14:56:17.445Z;-127.00;-127.00;48.55;23.86
2023-11-04T14:56:18.451Z;-127.00;-127.00;48.53;23.86
2023-11-04T14:56:19.458Z;-127.00;-127.00;48.52;23.86
2023-11-04T14:56:20.465Z;-127.00;-127.00;48.51;23.85
2023-11-04T14:56:21.472Z;-127.00;-127.00;48.54;23.85
2023-11-04T14:56:22.479Z;-127.00;-127.00;48.54;23.84
2023-11-04T14:56:23.485Z;-127.00;-127.00;48.54;23.84
2023-11-04T14:56:24.492Z;-127.00;-127.00;48.55;23.84
2023-11-04T14:56:25.499Z;-127.00;-127.00;48.57;23.84
2023-11-04T14:56:26.505Z;-127.00;-127.00;48.57;23.84
2023-11-04T14:56:27.512Z;-127.00;-127.00;48.58;23.84
2023-11-04T14:56:28.519Z;-127.00;-127.00;48.61;23.85
2023-11-04T14:56:29.526Z;-127.00;-127.00;48.56;23.85
2023-11-04T14:56:30.533Z;-127.00;-127.00;48.53;23.85
2023-11-04T14:56:31.539Z;-127.00;-127.00;48.50;23.84
2023-11-04T14:56:32.546Z;-127.00;-127.00;48.52;23.84
2023-11-04T14:56:33.552Z;-127.00;-127.00;48.52;23.84
2023-11-04T14:56:34.559Z;-127.00;-127.00;48.53;23.84
2023-11-04T14:56:35.566Z;-127.00;-127.00;48.54;23.84
2023-11-04T14:56:36.572Z;-127.00;-127.00;48.53;23.84
2023-11-04T14:56:37.579Z;-127.00;-127.00;48.54;23.83
2023-11-04T14:56:38.586Z;-127.00;-127.00;48.55;23.83
2023-11-04T14:56:39.593Z;-127.00;-127.00;48.59;23.83
2023-11-04T14:56:40.600Z;-127.00;-127.00;48.58;23.83
2023-11-04T14:56:41.606Z;-127.00;-127.00;48.59;23.83
2023-11-04T14:56:42.613Z;-127.00;-127.00;48.63;23.83
2023-11-04T14:56:43.620Z;-127.00;-127.00;48.63;23.82
2023-11-04T14:56:44.626Z;-127.00;-127.00;48.61;23.83
2023-11-04T14:56:45.633Z;-127.00;-127.00;48.63;23.83
2023-11-04T14:56:46.640Z;-127.00;-127.00;48.63;23.83
2023-11-04T14:56:47.646Z;-127.00;-127.00;48.61;23.82
2023-11-04T14:56:48.653Z;-127.00;-127.00;48.61;23.83
2023-11-04T14:56:49.660Z;-127.00;-127.00;48.60;23.83
2023-11-04T14:56:50.666Z;-127.00;-127.00;48.63;23.83
2023-11-04T14:56:51.673Z;-127.00;-127.00;48.64;23.83
2023-11-04T14:56:52.680Z;-127.00;-127.00;48.65;23.83
2023-11-04T14:56:53.687Z;-127.00;-127.00;48.67;23.83
2023-11-04T14:56:54.693Z;-127.00;-127.00;48.68;23.83
2023-11-04T14:56:55.700Z;-127.00;-127.00;48.66;23.83
2023-11-04T14:56:56.706Z;-127.00;-127.00;48.64;23.83
2023-11-04T14:56:57.714Z;-127.00;-127.00;48.70;23.82
2023-11-04T14:56:58.720Z;-127.00;-127.00;48.70;23.82
2023-11-04T14:56:59.727Z;-127.00;-127.00;48.71;23.83
2023-11-04T14:57:00.734Z;-127.00;-127.00;48.71;23.83
2023-11-04T14:57:01.740Z;-127.00;-127.00;48.72;23.84
2023-11-04T14:57:02.747Z;-127.00;-127.00;48.70;23.84
2023-11-04T14:57:03.755Z;-127.00;-127.00;48.74;23.83
2023-11-04T14:57:04.770Z;-127.00;-127.00;48.82;23.83
2023-11-04T14:57:05.768Z;-127.00;-127.00;48.83;23.82
2023-11-04T14:57:06.774Z;-127.00;-127.00;48.84;23.83
2023-11-04T14:57:07.781Z;-127.00;-127.00;48.82;23.83
2023-11-04T14:57:08.788Z;-127.00;-127.00;48.83;23.83
2023-11-04T14:57:09.795Z;-127.00;-127.00;48.84;23.83
2023-11-04T14:57:10.802Z;-127.00;-127.00;48.82;23.84
2023-11-04T14:57:11.809Z;-127.00;-127.00;48.82;23.84
2023-11-04T14:57:12.816Z;-127.00;-127.00;48.78;23.85
2023-11-04T14:57:13.822Z;-127.00;-127.00;48.73;23.85
2023-11-04T14:57:14.829Z;-127.00;-127.00;48.68;23.85
2023-11-04T14:57:15.836Z;-127.00;-127.00;48.66;23.85
2023-11-04T14:57:16.842Z;-127.00;-127.00;48.67;23.85
2023-11-04T14:57:17.849Z;-127.00;-127.00;48.68;23.85
2023-11-04T14:57:18.856Z;-127.00;-127.00;48.66;23.86
2023-11-04T14:57:19.863Z;-127.00;-127.00;48.66;23.86
2023-11-04T14:57:20.869Z;-127.00;-127.00;48.64;23.86
2023-11-04T14:57:21.876Z;-127.00;-127.00;48.63;23.86
2023-11-04T14:57:22.882Z;-127.00;-127.00;48.61;23.86
2023-11-04T14:57:23.890Z;-127.00;-127.00;48.58;23.86
2023-11-04T14:57:24.896Z;-127.00;-127.00;48.56;23.85
2023-11-04T14:57:25.909Z;-127.00;-127.00;48.57;23.85
2023-11-04T14:57:26.910Z;-127.00;-127.00;48.58;23.85
2023-11-04T14:57:27.916Z;-127.00;-127.00;48.61;23.84
2023-11-04T14:57:28.923Z;-127.00;-127.00;48.64;23.84
2023-11-04T14:57:29.930Z;-127.00;-127.00;48.77;23.84
2023-11-04T14:57:30.937Z;-127.00;-127.00;48.83;23.83
2023-11-04T14:57:31.943Z;-127.00;-127.00;48.84;23.83
2023-11-04T14:57:32.950Z;-127.00;-127.00;48.79;23.83
2023-11-04T14:57:33.957Z;-127.00;-127.00;48.78;23.83
2023-11-04T14:57:34.963Z;-127.00;-127.00;48.75;23.83
2023-11-04T14:57:35.972Z;-127.00;-127.00;48.75;23.82
2023-11-04T14:57:36.977Z;-127.00;-127.00;48.74;23.82
2023-11-04T14:57:37.984Z;-127.00;-127.00;48.71;23.82
2023-11-04T14:57:38.990Z;-127.00;-127.00;48.74;23.83
2023-11-04T14:57:39.997Z;-127.00;-127.00;48.71;23.82
2023-11-04T14:57:41.004Z;-127.00;-127.00;48.73;23.83
2023-11-04T14:57:42.010Z;-127.00;-127.00;48.69;23.82
2023-11-04T14:57:43.017Z;-127.00;-127.00;48.69;23.83
2023-11-04T14:57:44.024Z;-127.00;-127.00;48.69;23.83
2023-11-04T14:57:45.030Z;-127.00;-127.00;48.69;23.83
2023-11-04T14:57:46.037Z;-127.00;-127.00;48.68;23.84
2023-11-04T14:57:47.044Z;-127.00;-127.00;48.69;23.85
2023-11-04T14:57:48.050Z;-127.00;-127.00;48.68;23.85
2023-11-04T14:57:49.057Z;-127.00;-127.00;48.67;23.85
2023-11-04T14:57:50.064Z;-127.00;-127.00;48.67;23.85
2023-11-04T14:57:51.071Z;-127.00;-127.00;48.67;23.85
2023-11-04T14:57:52.077Z;-127.00;-127.00;48.67;23.85
2023-11-04T14:57:53.084Z;-127.00;-127.00;48.64;23.86
2023-11-04T14:57:54.091Z;-127.00;-127.00;48.66;23.85
2023-11-04T14:57:55.098Z;-127.00;-127.00;48.65;23.86
2023-11-04T14:57:56.104Z;-127.00;-127.00;48.66;23.85
2023-11-04T14:57:57.111Z;-127.00;-127.00;48.65;23.85
2023-11-04T14:57:58.118Z;-127.00;-127.00;48.64;23.85
2023-11-04T14:57:59.124Z;-127.00;-127.00;48.64;23.86
2023-11-04T14:58:00.131Z;-127.00;-127.00;48.65;23.86
2023-11-04T14:58:01.137Z;-127.00;-127.00;48.64;23.85
2023-11-04T14:58:02.144Z;-127.00;-127.00;48.63;23.86
2023-11-04T14:58:03.151Z;-127.00;-127.00;48.62;23.86
2023-11-04T14:58:04.158Z;-127.00;-127.00;48.62;23.86
2023-11-04T14:58:05.165Z;-127.00;-127.00;48.61;23.85
2023-11-04T14:58:06.171Z;-127.00;-127.00;48.58;23.85
2023-11-04T14:58:07.178Z;-127.00;-127.00;48.72;23.85
2023-11-04T14:58:08.185Z;-127.00;-127.00;48.88;23.85
2023-11-04T14:58:09.192Z;-127.00;-127.00;49.02;23.86
2023-11-04T14:58:10.198Z;-127.00;-127.00;49.01;23.86
2023-11-04T14:58:11.205Z;-127.00;-127.00;48.89;23.86
2023-11-04T14:58:12.212Z;-127.00;-127.00;48.74;23.87
2023-11-04T14:58:13.218Z;-127.00;-127.00;48.71;23.87
2023-11-04T14:58:14.225Z;-127.00;-127.00;48.67;23.86
2023-11-04T14:58:15.231Z;-127.00;-127.00;48.66;23.86
2023-11-04T14:58:16.238Z;-127.00;-127.00;48.65;23.87
2023-11-04T14:58:17.244Z;-127.00;-127.00;48.65;23.87
2023-11-04T14:58:18.252Z;-127.00;-127.00;48.62;23.87
2023-11-04T14:58:19.258Z;-127.00;-127.00;48.60;23.86
2023-11-04T14:58:20.265Z;-127.00;-127.00;48.58;23.86
2023-11-04T14:58:21.272Z;-127.00;-127.00;48.59;23.86
2023-11-04T14:58:22.279Z;-127.00;-127.00;48.64;23.85
2023-11-04T14:58:23.285Z;-127.00;-127.00;48.65;23.85
2023-11-04T14:58:24.292Z;-127.00;-127.00;48.62;23.85
2023-11-04T14:58:25.299Z;-127.00;-127.00;48.61;23.85
2023-11-04T14:58:26.307Z;-127.00;-127.00;48.62;23.84
2023-11-04T14:58:27.313Z;-127.00;-127.00;48.63;23.85
2023-11-04T14:58:28.319Z;-127.00;-127.00;48.64;23.85
2023-11-04T14:58:29.326Z;-127.00;-127.00;48.64;23.85
2023-11-04T14:58:30.333Z;-127.00;-127.00;48.63;23.84
2023-11-04T14:58:31.339Z;-127.00;-127.00;48.62;23.85
2023-11-04T14:58:32.346Z;-127.00;-127.00;48.62;23.86
2023-11-04T14:58:33.352Z;-127.00;-127.00;48.61;23.86
2023-11-04T14:58:34.359Z;-127.00;-127.00;48.59;23.86
2023-11-04T14:58:35.366Z;-127.00;-127.00;48.58;23.86
2023-11-04T14:58:36.372Z;-127.00;-127.00;48.57;23.86
2023-11-04T14:58:37.379Z;-127.00;-127.00;48.59;23.85
2023-11-04T14:58:38.386Z;-127.00;-127.00;48.62;23.85
2023-11-04T14:58:39.392Z;-127.00;-127.00;48.65;23.85
2023-11-04T14:58:40.399Z;-127.00;-127.00;48.66;23.85
2023-11-04T14:58:41.406Z;-127.00;-127.00;48.66;23.86
2023-11-04T14:58:42.413Z;-127.00;-127.00;48.64;23.87
2023-11-04T14:58:43.419Z;-127.00;-127.00;48.60;23.86
2023-11-04T14:58:44.426Z;-127.00;-127.00;48.57;23.87
2023-11-04T14:58:45.433Z;-127.00;-127.00;48.52;23.86
2023-11-04T14:58:46.439Z;-127.00;-127.00;48.53;23.86
2023-11-04T14:58:47.446Z;-127.00;-127.00;48.54;23.85
2023-11-04T14:58:48.453Z;-127.00;-127.00;48.53;23.85
2023-11-04T14:58:49.459Z;-127.00;-127.00;48.55;23.85
2023-11-04T14:58:50.466Z;-127.00;-127.00;48.57;23.85
2023-11-04T14:58:51.473Z;-127.00;-127.00;48.59;23.86
2023-11-04T14:58:52.480Z;-127.00;-127.00;48.61;23.86
2023-11-04T14:58:53.486Z;-127.00;-127.00;48.60;23.87
2023-11-04T14:58:54.493Z;-127.00;-127.00;48.59;23.86
2023-11-04T14:58:55.500Z;-127.00;-127.00;48.61;23.87
2023-11-04T14:58:56.506Z;-127.00;-127.00;48.60;23.87
2023-11-04T14:58:57.513Z;-127.00;-127.00;48.59;23.87
2023-11-04T14:58:58.520Z;-127.00;-127.00;48.57;23.87
2023-11-04T14:58:59.527Z;-127.00;-127.00;48.56;23.88
2023-11-04T14:59:00.533Z;-127.00;-127.00;48.55;23.88
2023-11-04T14:59:01.540Z;-127.00;-127.00;48.54;23.88
2023-11-04T14:59:02.547Z;-127.00;-127.00;48.51;23.88
2023-11-04T14:59:03.553Z;-127.00;-127.00;48.52;23.87
2023-11-04T14:59:04.560Z;-127.00;-127.00;48.49;23.88
2023-11-04T14:59:05.567Z;-127.00;-127.00;48.54;23.89
2023-11-04T14:59:06.573Z;-127.00;-127.00;48.53;23.89
2023-11-04T14:59:07.580Z;-127.00;-127.00;48.53;23.89
2023-11-04T14:59:08.587Z;-127.00;-127.00;48.50;23.89
2023-11-04T14:59:09.593Z;-127.00;-127.00;48.51;23.89
2023-11-04T14:59:10.600Z;-127.00;-127.00;48.50;23.89
2023-11-04T14:59:11.607Z;-127.00;-127.00;48.50;23.90
2023-11-04T14:59:12.614Z;-127.00;-127.00;48.50;23.89
2023-11-04T14:59:13.620Z;-127.00;-127.00;48.50;23.89
2023-11-04T14:59:14.627Z;-127.00;-127.00;48.50;23.89
2023-11-04T14:59:15.634Z;-127.00;-127.00;48.51;23.89
2023-11-04T14:59:16.640Z;-127.00;-127.00;48.52;23.89
2023-11-04T14:59:17.647Z;-127.00;-127.00;48.52;23.89
2023-11-04T14:59:18.654Z;-127.00;-127.00;48.53;23.88
2023-11-04T14:59:19.660Z;-127.00;-127.00;48.54;23.88
2023-11-04T14:59:20.667Z;-127.00;-127.00;48.53;23.88
2023-11-04T14:59:21.674Z;-127.00;-127.00;48.54;23.88
2023-11-04T14:59:22.681Z;-127.00;-127.00;48.55;23.89
2023-11-04T14:59:23.688Z;-127.00;-127.00;48.56;23.88
2023-11-04T14:59:24.694Z;-127.00;-127.00;48.57;23.88
2023-11-04T14:59:25.701Z;-127.00;-127.00;48.59;23.88
2023-11-04T14:59:26.707Z;-127.00;-127.00;48.58;23.88
2023-11-04T14:59:27.714Z;-127.00;-127.00;48.57;23.89
2023-11-04T14:59:28.721Z;-127.00;-127.00;48.55;23.88
2023-11-04T14:59:29.728Z;-127.00;-127.00;48.54;23.87
2023-11-04T14:59:30.734Z;-127.00;-127.00;48.54;23.88
2023-11-04T14:59:31.741Z;-127.00;-127.00;48.55;23.88
2023-11-04T14:59:32.747Z;-127.00;-127.00;48.74;23.89
2023-11-04T14:59:33.755Z;-127.00;-127.00;48.86;23.89
2023-11-04T14:59:34.761Z;-127.00;-127.00;49.04;23.89
2023-11-04T14:59:35.768Z;-127.00;-127.00;48.97;23.89
2023-11-04T14:59:36.774Z;-127.00;-127.00;48.95;23.89
2023-11-04T14:59:37.781Z;-127.00;-127.00;48.90;23.90
2023-11-04T14:59:38.788Z;-127.00;-127.00;48.81;23.90
2023-11-04T14:59:39.795Z;-127.00;-127.00;48.67;23.90
2023-11-04T14:59:40.801Z;-127.00;-127.00;48.62;23.90
2023-11-04T14:59:41.808Z;-127.00;-127.00;48.60;23.90
2023-11-04T14:59:42.814Z;-127.00;-127.00;48.64;23.89
2023-11-04T14:59:43.821Z;-127.00;-127.00;49.72;23.90
2023-11-04T14:59:44.828Z;-127.00;-127.00;50.30;23.91
2023-11-04T14:59:45.835Z;-127.00;-127.00;49.50;23.91
2023-11-04T14:59:46.842Z;-127.00;-127.00;49.07;23.90
2023-11-04T14:59:47.848Z;-127.00;-127.00;48.79;23.90
2023-11-04T14:59:48.855Z;-127.00;-127.00;48.70;23.89
2023-11-04T14:59:49.861Z;-127.00;-127.00;48.66;23.89
2023-11-04T14:59:50.868Z;-127.00;-127.00;48.61;23.89
2023-11-04T14:59:51.875Z;-127.00;-127.00;48.60;23.88
2023-11-04T14:59:52.882Z;-127.00;-127.00;48.60;23.88
2023-11-04T14:59:53.888Z;-127.00;-127.00;48.57;23.88
2023-11-04T14:59:54.895Z;-127.00;-127.00;48.57;23.88
2023-11-04T14:59:55.902Z;-127.00;-127.00;48.59;23.88
2023-11-04T14:59:56.908Z;-127.00;-127.00;48.59;23.87
2023-11-04T14:59:57.915Z;-127.00;-127.00;48.57;23.88
2023-11-04T14:59:58.922Z;-127.00;-127.00;48.60;23.88
2023-11-04T14:59:59.928Z;-127.00;-127.00;48.60;23.88
2023-11-04T15:00:00.935Z;-127.00;-127.00;48.56;23.88
2023-11-04T15:00:01.942Z;-127.00;-127.00;48.54;23.88
2023-11-04T15:00:02.949Z;-127.00;-127.00;48.54;23.88
2023-11-04T15:00:03.955Z;-127.00;-127.00;48.54;23.89
2023-11-04T15:00:04.962Z;-127.00;-127.00;48.56;23.88
2023-11-04T15:00:05.968Z;-127.00;-127.00;48.54;23.89
2023-11-04T15:00:06.975Z;-127.00;-127.00;48.54;23.88
2023-11-04T15:00:07.982Z;-127.00;-127.00;48.52;23.88
2023-11-04T15:00:08.989Z;-127.00;-127.00;48.52;23.88
2023-11-04T15:00:09.995Z;-127.00;-127.00;48.67;23.88
2023-11-04T15:00:11.002Z;-127.00;-127.00;48.61;23.88
2023-11-04T15:00:12.009Z;-127.00;-127.00;48.55;23.88
2023-11-04T15:00:13.016Z;-127.00;-127.00;48.53;23.88
2023-11-04T15:00:14.023Z;-127.00;-127.00;48.53;23.88
2023-11-04T15:00:15.029Z;-127.00;-127.00;48.54;23.88
2023-11-04T15:00:16.036Z;-127.00;-127.00;48.55;23.88
2023-11-04T15:00:17.043Z;-127.00;-127.00;48.55;23.88
2023-11-04T15:00:18.050Z;-127.00;-127.00;48.56;23.88
2023-11-04T15:00:19.056Z;-127.00;-127.00;48.55;23.88
2023-11-04T15:00:20.063Z;-127.00;-127.00;48.54;23.88
2023-11-04T15:00:21.070Z;-127.00;-127.00;48.51;23.89
2023-11-04T15:00:22.076Z;-127.00;-127.00;48.49;23.88
2023-11-04T15:00:23.083Z;-127.00;-127.00;48.49;23.88
2023-11-04T15:00:24.090Z;-127.00;-127.00;48.50;23.88
2023-11-04T15:00:25.096Z;-127.00;-127.00;48.52;23.87
2023-11-04T15:00:26.103Z;-127.00;-127.00;48.53;23.87
2023-11-04T15:00:27.110Z;-127.00;-127.00;48.54;23.88
2023-11-04T15:00:28.116Z;-127.00;-127.00;48.56;23.88
2023-11-04T15:00:29.123Z;-127.00;-127.00;48.59;23.87
2023-11-04T15:00:30.130Z;-127.00;-127.00;48.59;23.88
2023-11-04T15:00:31.136Z;-127.00;-127.00;48.61;23.88
2023-11-04T15:00:32.143Z;-127.00;-127.00;48.60;23.87
2023-11-04T15:00:33.150Z;-127.00;-127.00;48.58;23.88
2023-11-04T15:00:34.157Z;-127.00;-127.00;48.80;23.87
2023-11-04T15:00:35.163Z;-127.00;-127.00;49.17;23.88
2023-11-04T15:00:36.170Z;-127.00;-127.00;49.37;23.88
2023-11-04T15:00:37.177Z;-127.00;-127.00;49.25;23.89
2023-11-04T15:00:38.184Z;-127.00;-127.00;48.97;23.89
2023-11-04T15:00:39.190Z;-127.00;-127.00;48.78;23.88
2023-11-04T15:00:40.197Z;-127.00;-127.00;48.71;23.88
2023-11-04T15:00:41.203Z;-127.00;-127.00;48.66;23.88
2023-11-04T15:00:42.210Z;-127.00;-127.00;48.65;23.87
2023-11-04T15:00:43.217Z;-127.00;-127.00;48.67;23.87
2023-11-04T15:00:44.223Z;-127.00;-127.00;48.69;23.86
2023-11-04T15:00:45.230Z;-127.00;-127.00;48.69;23.86
2023-11-04T15:00:46.237Z;-127.00;-127.00;48.70;23.87
2023-11-04T15:00:47.244Z;-127.00;-127.00;48.67;23.87
2023-11-04T15:00:48.250Z;-127.00;-127.00;48.67;23.87
2023-11-04T15:00:49.257Z;-127.00;-127.00;48.66;23.87
2023-11-04T15:00:50.264Z;-127.00;-127.00;48.64;23.88
2023-11-04T15:00:51.271Z;-127.00;-127.00;48.62;23.87
2023-11-04T15:00:52.277Z;-127.00;-127.00;48.63;23.88
2023-11-04T15:00:53.284Z;-127.00;-127.00;48.62;23.88
2023-11-04T15:00:54.291Z;-127.00;-127.00;48.61;23.87
2023-11-04T15:00:55.297Z;-127.00;-127.00;48.59;23.88
2023-11-04T15:00:56.304Z;-127.00;-127.00;48.59;23.88
2023-11-04T15:00:57.311Z;-127.00;-127.00;48.59;23.88
2023-11-04T15:00:58.317Z;-127.00;-127.00;48.60;23.88
2023-11-04T15:00:59.324Z;-127.00;-127.00;48.62;23.87
2023-11-04T15:01:00.331Z;-127.00;-127.00;48.63;23.87
2023-11-04T15:01:01.337Z;-127.00;-127.00;48.63;23.87
2023-11-04T15:01:02.344Z;-127.00;-127.00;48.64;23.86
2023-11-04T15:01:03.351Z;-127.00;-127.00;48.62;23.87
2023-11-04T15:01:04.358Z;-127.00;-127.00;48.62;23.87
2023-11-04T15:01:05.364Z;-127.00;-127.00;48.84;23.88
2023-11-04T15:01:06.371Z;-127.00;-127.00;48.93;23.88
2023-11-04T15:01:07.377Z;-127.00;-127.00;48.79;23.88
2023-11-04T15:01:08.384Z;-127.00;-127.00;48.71;23.88
2023-11-04T15:01:09.391Z;-127.00;-127.00;48.66;23.87
2023-11-04T15:01:10.397Z;-127.00;-127.00;48.65;23.87
2023-11-04T15:01:11.403Z;-127.00;-127.00;48.64;23.87
2023-11-04T15:01:12.410Z;-127.00;-127.00;48.63;23.86
2023-11-04T15:01:13.417Z;-127.00;-127.00;48.63;23.87
2023-11-04T15:01:14.423Z;-127.00;-127.00;48.63;23.87
2023-11-04T15:01:15.430Z;-127.00;-127.00;48.63;23.87
2023-11-04T15:01:16.437Z;-127.00;-127.00;48.63;23.87
2023-11-04T15:01:17.443Z;-127.00;-127.00;48.62;23.87
2023-11-04T15:01:18.450Z;-127.00;-127.00;48.61;23.88
2023-11-04T15:01:19.457Z;-127.00;-127.00;48.60;23.88
2023-11-04T15:01:20.464Z;-127.00;-127.00;48.61;23.88
2023-11-04T15:01:21.470Z;-127.00;-127.00;48.60;23.87
2023-11-04T15:01:22.477Z;-127.00;-127.00;48.62;23.87
2023-11-04T15:01:23.484Z;-127.00;-127.00;48.59;23.88
2023-11-04T15:01:24.490Z;-127.00;-127.00;48.58;23.88
2023-11-04T15:01:25.497Z;-127.00;-127.00;48.56;23.87
2023-11-04T15:01:26.504Z;-127.00;-127.00;48.58;23.86
2023-11-04T15:01:27.510Z;-127.00;-127.00;48.57;23.86
2023-11-04T15:01:28.517Z;-127.00;-127.00;48.60;23.87
2023-11-04T15:01:29.524Z;-127.00;-127.00;48.57;23.87
2023-11-04T15:01:30.531Z;-127.00;-127.00;48.57;23.87
2023-11-04T15:01:31.538Z;-127.00;-127.00;48.54;23.87
2023-11-04T15:01:32.544Z;-127.00;-127.00;48.57;23.87
2023-11-04T15:01:33.551Z;-127.00;-127.00;48.57;23.87
2023-11-04T15:01:34.557Z;-127.00;-127.00;48.58;23.86
2023-11-04T15:01:35.564Z;-127.00;-127.00;48.61;23.87
2023-11-04T15:01:36.571Z;-127.00;-127.00;49.32;23.86
2023-11-04T15:01:37.578Z;-127.00;-127.00;49.89;23.87
2023-11-04T15:01:38.584Z;-127.00;-127.00;50.05;23.88
2023-11-04T15:01:39.591Z;-127.00;-127.00;49.80;23.87
2023-11-04T15:01:40.599Z;-127.00;-127.00;49.54;23.88
2023-11-04T15:01:41.604Z;-127.00;-127.00;49.35;23.88
2023-11-04T15:01:42.611Z;-127.00;-127.00;49.17;23.88
2023-11-04T15:01:43.618Z;-127.00;-127.00;49.03;23.88
2023-11-04T15:01:44.625Z;-127.00;-127.00;48.91;23.88
2023-11-04T15:01:45.631Z;-127.00;-127.00;48.86;23.89
2023-11-04T15:01:46.638Z;-127.00;-127.00;48.82;23.89
2023-11-04T15:01:47.645Z;-127.00;-127.00;48.80;23.90
2023-11-04T15:01:48.651Z;-127.00;-127.00;48.76;23.90
2023-11-04T15:01:49.658Z;-127.00;-127.00;48.72;23.90
2023-11-04T15:01:50.665Z;-127.00;-127.00;48.71;23.89
2023-11-04T15:01:51.671Z;-127.00;-127.00;48.70;23.89
2023-11-04T15:01:52.678Z;-127.00;-127.00;48.68;23.89
2023-11-04T15:01:53.685Z;-127.00;-127.00;48.68;23.89
2023-11-04T15:01:54.691Z;-127.00;-127.00;48.69;23.88
2023-11-04T15:01:55.698Z;-127.00;-127.00;48.64;23.88
2023-11-04T15:01:56.705Z;-127.00;-127.00;48.61;23.87
2023-11-04T15:01:57.711Z;-127.00;-127.00;48.60;23.87
2023-11-04T15:01:58.718Z;-127.00;-127.00;48.63;23.86
2023-11-04T15:01:59.725Z;-127.00;-127.00;48.64;23.86
2023-11-04T15:02:00.732Z;-127.00;-127.00;48.62;23.86
2023-11-04T15:02:01.738Z;-127.00;-127.00;48.63;23.86
2023-11-04T15:02:02.745Z;-127.00;-127.00;48.64;23.86
2023-11-04T15:02:03.752Z;-127.00;-127.00;48.63;23.86
2023-11-04T15:02:04.758Z;-127.00;-127.00;48.63;23.87
2023-11-04T15:02:05.765Z;-127.00;-127.00;48.71;23.86
2023-11-04T15:02:06.772Z;-127.00;-127.00;48.70;23.87
2023-11-04T15:02:07.778Z;-127.00;-127.00;48.65;23.87
2023-11-04T15:02:08.785Z;-127.00;-127.00;48.65;23.86
2023-11-04T15:02:09.792Z;-127.00;-127.00;48.63;23.87
2023-11-04T15:02:10.799Z;-127.00;-127.00;48.62;23.86
2023-11-04T15:02:11.806Z;-127.00;-127.00;48.61;23.86
2023-11-04T15:02:12.812Z;-127.00;-127.00;48.61;23.86
2023-11-04T15:02:13.819Z;-127.00;-127.00;48.61;23.86
2023-11-04T15:02:14.826Z;-127.00;-127.00;48.61;23.86
2023-11-04T15:02:15.832Z;-127.00;-127.00;48.63;23.85
2023-11-04T15:02:16.839Z;-127.00;-127.00;48.63;23.86
2023-11-04T15:02:17.845Z;-127.00;-127.00;48.63;23.85
2023-11-04T15:02:18.852Z;-127.00;-127.00;48.64;23.86
2023-11-04T15:02:19.859Z;-127.00;-127.00;48.66;23.86
2023-11-04T15:02:20.865Z;-127.00;-127.00;48.66;23.86
2023-11-04T15:02:21.872Z;-127.00;-127.00;48.65;23.86
2023-11-04T15:02:22.879Z;-127.00;-127.00;48.64;23.87
2023-11-04T15:02:23.887Z;-127.00;-127.00;48.62;23.87
2023-11-04T15:02:24.892Z;-127.00;-127.00;48.61;23.87
2023-11-04T15:02:25.899Z;-127.00;-127.00;48.61;23.87
2023-11-04T15:02:26.906Z;-127.00;-127.00;48.60;23.86
2023-11-04T15:02:27.913Z;-127.00;-127.00;48.59;23.87
2023-11-04T15:02:28.919Z;-127.00;-127.00;48.56;23.85
2023-11-04T15:02:29.926Z;-127.00;-127.00;48.57;23.85
2023-11-04T15:02:30.933Z;-127.00;-127.00;48.58;23.85
2023-11-04T15:02:31.939Z;-127.00;-127.00;48.61;23.84
2023-11-04T15:02:32.946Z;-127.00;-127.00;48.62;23.84
2023-11-04T15:02:33.952Z;-127.00;-127.00;48.62;23.84
2023-11-04T15:02:34.959Z;-127.00;-127.00;48.62;23.84
2023-11-04T15:02:35.966Z;-127.00;-127.00;48.63;23.84
2023-11-04T15:02:36.973Z;-127.00;-127.00;48.65;23.84
2023-11-04T15:02:37.980Z;-127.00;-127.00;48.67;23.84
2023-11-04T15:02:38.986Z;-127.00;-127.00;48.68;23.84
2023-11-04T15:02:39.993Z;-127.00;-127.00;48.69;23.85
2023-11-04T15:02:41.000Z;-127.00;-127.00;48.68;23.85
2023-11-04T15:02:42.006Z;-127.00;-127.00;48.68;23.85
2023-11-04T15:02:43.013Z;-127.00;-127.00;48.67;23.85
2023-11-04T15:02:44.020Z;-127.00;-127.00;49.19;23.85
2023-11-04T15:02:45.026Z;-127.00;-127.00;49.41;23.85
2023-11-04T15:02:46.033Z;-127.00;-127.00;49.34;23.85
2023-11-04T15:02:47.039Z;-127.00;-127.00;49.13;23.86
2023-11-04T15:02:48.046Z;-127.00;-127.00;48.97;23.87
2023-11-04T15:02:49.053Z;-127.00;-127.00;48.87;23.87
2023-11-04T15:02:50.060Z;-127.00;-127.00;48.81;23.87
2023-11-04T15:02:51.067Z;-127.00;-127.00;48.76;23.87
2023-11-04T15:02:52.073Z;-127.00;-127.00;48.69;23.86
2023-11-04T15:02:53.080Z;-127.00;-127.00;48.67;23.87
2023-11-04T15:02:54.087Z;-127.00;-127.00;48.68;23.85
2023-11-04T15:02:55.094Z;-127.00;-127.00;49.00;23.86
2023-11-04T15:02:56.100Z;-127.00;-127.00;48.89;23.86
2023-11-04T15:02:57.107Z;-127.00;-127.00;48.77;23.86
2023-11-04T15:02:58.114Z;-127.00;-127.00;48.70;23.86
2023-11-04T15:02:59.121Z;-127.00;-127.00;48.68;23.86
2023-11-04T15:03:00.127Z;-127.00;-127.00;48.66;23.86
2023-11-04T15:03:01.134Z;-127.00;-127.00;48.67;23.86
2023-11-04T15:03:02.141Z;-127.00;-127.00;49.00;23.86
2023-11-04T15:03:03.147Z;-127.00;-127.00;50.09;23.86
2023-11-04T15:03:04.154Z;-127.00;-127.00;50.32;23.86
2023-11-04T15:03:05.161Z;-127.00;-127.00;49.76;23.86
2023-11-04T15:03:06.167Z;-127.00;-127.00;49.37;23.86
2023-11-04T15:03:07.174Z;-127.00;-127.00;49.09;23.86
2023-11-04T15:03:08.181Z;-127.00;-127.00;48.96;23.86
2023-11-04T15:03:09.187Z;-127.00;-127.00;48.89;23.87
2023-11-04T15:03:10.194Z;-127.00;-127.00;48.83;23.87
2023-11-04T15:03:11.201Z;-127.00;-127.00;48.80;23.86
2023-11-04T15:03:12.208Z;-127.00;-127.00;48.72;23.86
2023-11-04T15:03:13.214Z;-127.00;-127.00;48.70;23.86
2023-11-04T15:03:14.221Z;-127.00;-127.00;48.66;23.86
2023-11-04T15:03:15.228Z;-127.00;-127.00;48.65;23.85
2023-11-04T15:03:16.234Z;-127.00;-127.00;48.64;23.85
2023-11-04T15:03:17.241Z;-127.00;-127.00;48.63;23.84
2023-11-04T15:03:18.248Z;-127.00;-127.00;48.63;23.84
2023-11-04T15:03:19.254Z;-127.00;-127.00;48.65;23.84
2023-11-04T15:03:20.261Z;-127.00;-127.00;48.63;23.84
2023-11-04T15:03:21.268Z;-127.00;-127.00;48.63;23.83
2023-11-04T15:03:22.275Z;-127.00;-127.00;48.66;23.84
2023-11-04T15:03:23.281Z;-127.00;-127.00;48.66;23.84
2023-11-04T15:03:24.288Z;-127.00;-127.00;48.64;23.84
2023-11-04T15:03:25.295Z;-127.00;-127.00;48.88;23.84
2023-11-04T15:03:26.302Z;-127.00;-127.00;49.51;23.85
2023-11-04T15:03:27.308Z;-127.00;-127.00;49.79;23.85
2023-11-04T15:03:28.315Z;-127.00;-127.00;49.56;23.86
2023-11-04T15:03:29.321Z;-127.00;-127.00;49.15;23.85
2023-11-04T15:03:30.328Z;-127.00;-127.00;48.96;23.85
2023-11-04T15:03:31.336Z;-127.00;-127.00;48.85;23.85
2023-11-04T15:03:32.342Z;-127.00;-127.00;48.77;23.85
2023-11-04T15:03:33.348Z;-127.00;-127.00;48.74;23.86
2023-11-04T15:03:34.355Z;-127.00;-127.00;48.73;23.85
2023-11-04T15:03:35.362Z;-127.00;-127.00;48.72;23.85
2023-11-04T15:03:36.368Z;-127.00;-127.00;48.73;23.85
2023-11-04T15:03:37.375Z;-127.00;-127.00;48.74;23.84
2023-11-04T15:03:38.382Z;-127.00;-127.00;48.74;23.84
2023-11-04T15:03:39.389Z;-127.00;-127.00;48.75;23.84
2023-11-04T15:03:40.397Z;-127.00;-127.00;48.75;23.84
2023-11-04T15:03:41.402Z;-127.00;-127.00;48.72;23.84
2023-11-04T15:03:42.409Z;-127.00;-127.00;48.75;23.84
2023-11-04T15:03:43.415Z;-127.00;-127.00;48.76;23.84
2023-11-04T15:03:44.422Z;-127.00;-127.00;48.77;23.84
2023-11-04T15:03:45.429Z;-127.00;-127.00;48.82;23.84
2023-11-04T15:03:46.435Z;-127.00;-127.00;48.92;23.85
2023-11-04T15:03:47.442Z;-127.00;-127.00;49.01;23.85
2023-11-04T15:03:48.448Z;-127.00;-127.00;49.04;23.85
2023-11-04T15:03:49.455Z;-127.00;-127.00;49.01;23.86
2023-11-04T15:03:50.462Z;-127.00;-127.00;48.98;23.86
2023-11-04T15:03:51.469Z;-127.00;-127.00;48.94;23.86
2023-11-04T15:03:52.476Z;-127.00;-127.00;48.93;23.87
2023-11-04T15:03:53.482Z;-127.00;-127.00;48.90;23.87
2023-11-04T15:03:54.489Z;-127.00;-127.00;48.84;23.87
2023-11-04T15:03:55.496Z;-127.00;-127.00;48.81;23.88
2023-11-04T15:03:56.503Z;-127.00;-127.00;48.81;23.87
2023-11-04T15:03:57.509Z;-127.00;-127.00;48.80;23.87
2023-11-04T15:03:58.515Z;-127.00;-127.00;48.80;23.87
2023-11-04T15:03:59.522Z;-127.00;-127.00;48.80;23.87
2023-11-04T15:04:00.529Z;-127.00;-127.00;48.78;23.87
2023-11-04T15:04:01.536Z;-127.00;-127.00;48.75;23.87
2023-11-04T15:04:02.543Z;-127.00;-127.00;48.73;23.87
2023-11-04T15:04:03.549Z;-127.00;-127.00;48.73;23.87
2023-11-04T15:04:04.556Z;-127.00;-127.00;48.74;23.88
2023-11-04T15:04:05.563Z;-127.00;-127.00;48.71;23.88
2023-11-04T15:04:06.570Z;-127.00;-127.00;48.69;23.88
2023-11-04T15:04:07.576Z;-127.00;-127.00;48.68;23.88
2023-11-04T15:04:08.583Z;-127.00;-127.00;48.67;23.88
2023-11-04T15:04:09.590Z;-127.00;-127.00;48.66;23.88
2023-11-04T15:04:10.596Z;-127.00;-127.00;48.66;23.87
2023-11-04T15:04:11.603Z;-127.00;-127.00;48.66;23.87
2023-11-04T15:04:12.609Z;-127.00;-127.00;48.66;23.87
2023-11-04T15:04:13.616Z;-127.00;-127.00;48.67;23.88
2023-11-04T15:04:14.623Z;-127.00;-127.00;48.67;23.87
2023-11-04T15:04:15.630Z;-127.00;-127.00;48.69;23.87
2023-11-04T15:04:16.636Z;-127.00;-127.00;48.69;23.88
2023-11-04T15:04:17.643Z;-127.00;-127.00;48.66;23.87
2023-11-04T15:04:18.650Z;-127.00;-127.00;48.66;23.88
2023-11-04T15:04:19.657Z;-127.00;-127.00;48.64;23.88
2023-11-04T15:04:20.663Z;-127.00;-127.00;48.66;23.88
2023-11-04T15:04:21.670Z;-127.00;-127.00;48.65;23.88
2023-11-04T15:04:22.676Z;-127.00;-127.00;48.64;23.88
2023-11-04T15:04:23.683Z;-127.00;-127.00;48.64;23.88
2023-11-04T15:04:24.690Z;-127.00;-127.00;48.63;23.88
2023-11-04T15:04:25.697Z;-127.00;-127.00;48.63;23.88
2023-11-04T15:04:26.703Z;-127.00;-127.00;48.66;23.88
2023-11-04T15:04:27.710Z;-127.00;-127.00;48.67;23.88
2023-11-04T15:04:28.717Z;-127.00;-127.00;48.68;23.88
2023-11-04T15:04:29.723Z;-127.00;-127.00;48.69;23.88
2023-11-04T15:04:30.730Z;-127.00;-127.00;48.65;23.88
2023-11-04T15:04:31.737Z;-127.00;-127.00;48.63;23.87
2023-11-04T15:04:32.743Z;-127.00;-127.00;48.63;23.87
2023-11-04T15:04:33.750Z;-127.00;-127.00;48.63;23.87
2023-11-04T15:04:34.757Z;-127.00;-127.00;48.65;23.88
2023-11-04T15:04:35.764Z;-127.00;-127.00;48.67;23.88
2023-11-04T15:04:36.770Z;-127.00;-127.00;48.70;23.88
2023-11-04T15:04:37.777Z;-127.00;-127.00;48.71;23.88
2023-11-04T15:04:38.783Z;-127.00;-127.00;48.71;23.88
2023-11-04T15:04:39.790Z;-127.00;-127.00;48.72;23.88
2023-11-04T15:04:40.798Z;-127.00;-127.00;48.69;23.88
2023-11-04T15:04:41.803Z;-127.00;-127.00;48.67;23.88
2023-11-04T15:04:42.811Z;-127.00;-127.00;48.67;23.88
2023-11-04T15:04:43.817Z;-127.00;-127.00;48.69;23.89
2023-11-04T15:04:44.823Z;-127.00;-127.00;48.69;23.88
2023-11-04T15:04:45.829Z;-127.00;-127.00;48.69;23.89
2023-11-04T15:04:46.836Z;-127.00;-127.00;48.71;23.89
2023-11-04T15:04:47.843Z;-127.00;-127.00;48.70;23.90
2023-11-04T15:04:48.850Z;-127.00;-127.00;48.68;23.90
2023-11-04T15:04:49.856Z;-127.00;-127.00;48.66;23.90
2023-11-04T15:04:50.863Z;-127.00;-127.00;48.64;23.90
2023-11-04T15:04:51.870Z;-127.00;-127.00;48.63;23.90
2023-11-04T15:04:52.876Z;-127.00;-127.00;48.62;23.90
2023-11-04T15:04:53.883Z;-127.00;-127.00;48.61;23.90
2023-11-04T15:04:54.890Z;-127.00;-127.00;48.58;23.90
2023-11-04T15:04:55.897Z;-127.00;-127.00;48.60;23.90
2023-11-04T15:04:56.903Z;-127.00;-127.00;48.96;23.90
2023-11-04T15:04:57.910Z;-127.00;-127.00;48.97;23.91
2023-11-04T15:04:58.916Z;-127.00;-127.00;48.87;23.91
2023-11-04T15:04:59.924Z;-127.00;-127.00;48.78;23.91
2023-11-04T15:05:00.931Z;-127.00;-127.00;48.72;23.91
2023-11-04T15:05:01.937Z;-127.00;-127.00;48.68;23.91
2023-11-04T15:05:02.944Z;-127.00;-127.00;48.67;23.91
2023-11-04T15:05:03.950Z;-127.00;-127.00;48.66;23.91
2023-11-04T15:05:04.956Z;-127.00;-127.00;48.64;23.90
2023-11-04T15:05:05.963Z;-127.00;-127.00;48.65;23.91
2023-11-04T15:05:06.970Z;-127.00;-127.00;48.64;23.90
2023-11-04T15:05:07.977Z;-127.00;-127.00;48.67;23.89
2023-11-04T15:05:08.984Z;-127.00;-127.00;48.67;23.90
2023-11-04T15:05:09.990Z;-127.00;-127.00;48.67;23.90
2023-11-04T15:05:10.997Z;-127.00;-127.00;48.64;23.90
2023-11-04T15:05:12.004Z;-127.00;-127.00;48.63;23.90
2023-11-04T15:05:13.010Z;-127.00;-127.00;48.64;23.90
2023-11-04T15:05:14.017Z;-127.00;-127.00;48.65;23.91
2023-11-04T15:05:15.024Z;-127.00;-127.00;48.66;23.91
2023-11-04T15:05:16.030Z;-127.00;-127.00;48.66;23.91
2023-11-04T15:05:17.037Z;-127.00;-127.00;48.66;23.90
2023-11-04T15:05:18.043Z;-127.00;-127.00;48.66;23.91
2023-11-04T15:05:19.050Z;-127.00;-127.00;48.65;23.91
2023-11-04T15:05:20.057Z;-127.00;-127.00;48.60;23.90
2023-11-04T15:05:21.064Z;-127.00;-127.00;48.56;23.90
2023-11-04T15:05:22.070Z;-127.00;-127.00;48.59;23.90
2023-11-04T15:05:23.077Z;-127.00;-127.00;48.60;23.89
2023-11-04T15:05:24.084Z;-127.00;-127.00;48.62;23.89
2023-11-04T15:05:25.091Z;-127.00;-127.00;48.63;23.88
2023-11-04T15:05:26.097Z;-127.00;-127.00;48.64;23.88
2023-11-04T15:05:27.104Z;-127.00;-127.00;48.64;23.88
2023-11-04T15:05:28.111Z;-127.00;-127.00;48.64;23.88
2023-11-04T15:05:29.117Z;-127.00;-127.00;48.65;23.87
2023-11-04T15:05:30.124Z;-127.00;-127.00;48.69;23.87
2023-11-04T15:05:31.131Z;-127.00;-127.00;48.67;23.86
2023-11-04T15:05:32.137Z;-127.00;-127.00;48.66;23.86
2023-11-04T15:05:33.144Z;-127.00;-127.00;48.66;23.86
2023-11-04T15:05:34.151Z;-127.00;-127.00;48.65;23.86
2023-11-04T15:05:35.158Z;-127.00;-127.00;48.66;23.86
2023-11-04T15:05:36.164Z;-127.00;-127.00;48.66;23.86
2023-11-04T15:05:37.171Z;-127.00;-127.00;48.65;23.86
2023-11-04T15:05:38.177Z;-127.00;-127.00;48.64;23.86
2023-11-04T15:05:39.184Z;-127.00;-127.00;48.66;23.87
2023-11-04T15:05:40.191Z;-127.00;-127.00;48.67;23.86
2023-11-04T15:05:41.198Z;-127.00;-127.00;48.66;23.86
2023-11-04T15:05:42.205Z;-127.00;-127.00;48.65;23.86
2023-11-04T15:05:43.211Z;-127.00;-127.00;48.64;23.86
2023-11-04T15:05:44.218Z;-127.00;-127.00;48.64;23.86
2023-11-04T15:05:45.225Z;-127.00;-127.00;48.64;23.86
2023-11-04T15:05:46.231Z;-127.00;-127.00;48.66;23.86
2023-11-04T15:05:47.238Z;-127.00;-127.00;48.65;23.86
2023-11-04T15:05:48.245Z;-127.00;-127.00;48.63;23.86
2023-11-04T15:05:49.252Z;-127.00;-127.00;48.63;23.86
2023-11-04T15:05:50.258Z;-127.00;-127.00;48.64;23.86
2023-11-04T15:05:51.265Z;-127.00;-127.00;48.64;23.87
2023-11-04T15:05:52.271Z;-127.00;-127.00;48.62;23.87
2023-11-04T15:05:53.278Z;-127.00;-127.00;48.61;23.86
2023-11-04T15:05:54.285Z;-127.00;-127.00;48.61;23.87
2023-11-04T15:05:55.291Z;-127.00;-127.00;48.62;23.87
2023-11-04T15:05:56.298Z;-127.00;-127.00;48.61;23.87
2023-11-04T15:05:57.305Z;-127.00;-127.00;48.62;23.87
2023-11-04T15:05:58.311Z;-127.00;-127.00;48.61;23.87
2023-11-04T15:05:59.318Z;-127.00;-127.00;48.61;23.87
2023-11-04T15:06:00.325Z;-127.00;-127.00;48.65;23.87
2023-11-04T15:06:01.332Z;-127.00;-127.00;48.72;23.87
2023-11-04T15:06:02.339Z;-127.00;-127.00;48.71;23.87
2023-11-04T15:06:03.346Z;-127.00;-127.00;48.69;23.88
2023-11-04T15:06:04.352Z;-127.00;-127.00;48.65;23.88
2023-11-04T15:06:05.358Z;-127.00;-127.00;48.63;23.87
2023-11-04T15:06:06.365Z;-127.00;-127.00;48.65;23.87
2023-11-04T15:06:07.372Z;-127.00;-127.00;48.66;23.87
2023-11-04T15:06:08.378Z;-127.00;-127.00;48.67;23.86
2023-11-04T15:06:09.385Z;-127.00;-127.00;48.67;23.86
2023-11-04T15:06:10.392Z;-127.00;-127.00;48.66;23.87
2023-11-04T15:06:11.399Z;-127.00;-127.00;48.65;23.87
2023-11-04T15:06:12.405Z;-127.00;-127.00;48.65;23.87
2023-11-04T15:06:13.413Z;-127.00;-127.00;48.67;23.88
2023-11-04T15:06:14.419Z;-127.00;-127.00;48.67;23.88
2023-11-04T15:06:15.425Z;-127.00;-127.00;48.69;23.88
2023-11-04T15:06:16.432Z;-127.00;-127.00;48.69;23.88
2023-11-04T15:06:17.439Z;-127.00;-127.00;48.67;23.88
2023-11-04T15:06:18.446Z;-127.00;-127.00;48.69;23.88
2023-11-04T15:06:19.452Z;-127.00;-127.00;48.68;23.88
2023-11-04T15:06:20.460Z;-127.00;-127.00;48.69;23.89
2023-11-04T15:06:21.467Z;-127.00;-127.00;48.68;23.88
2023-11-04T15:06:22.473Z;-127.00;-127.00;48.69;23.88
2023-11-04T15:06:23.480Z;-127.00;-127.00;48.69;23.88
2023-11-04T15:06:24.486Z;-127.00;-127.00;48.69;23.88
2023-11-04T15:06:25.493Z;-127.00;-127.00;48.74;23.88
2023-11-04T15:06:26.500Z;-127.00;-127.00;48.87;23.88
2023-11-04T15:06:27.507Z;-127.00;-127.00;49.01;23.88
2023-11-04T15:06:28.513Z;-127.00;-127.00;49.02;23.89
2023-11-04T15:06:29.519Z;-127.00;-127.00;49.00;23.89
2023-11-04T15:06:30.526Z;-127.00;-127.00;49.26;23.89
2023-11-04T15:06:31.533Z;-127.00;-127.00;49.71;23.90
2023-11-04T15:06:32.540Z;-127.00;-127.00;49.43;23.89
2023-11-04T15:06:33.547Z;-127.00;-127.00;49.28;23.89
2023-11-04T15:06:34.553Z;-127.00;-127.00;49.14;23.89
2023-11-04T15:06:35.560Z;-127.00;-127.00;48.99;23.90
2023-11-04T15:06:36.566Z;-127.00;-127.00;48.91;23.90
2023-11-04T15:06:37.573Z;-127.00;-127.00;48.87;23.90
2023-11-04T15:06:38.580Z;-127.00;-127.00;48.83;23.90
2023-11-04T15:06:39.587Z;-127.00;-127.00;48.79;23.90
2023-11-04T15:06:40.593Z;-127.00;-127.00;48.76;23.90
2023-11-04T15:06:41.600Z;-127.00;-127.00;48.71;23.90
2023-11-04T15:06:42.607Z;-127.00;-127.00;48.73;23.89
2023-11-04T15:06:43.613Z;-127.00;-127.00;48.72;23.89
2023-11-04T15:06:44.620Z;-127.00;-127.00;48.69;23.89
2023-11-04T15:06:45.626Z;-127.00;-127.00;48.70;23.89
2023-11-04T15:06:46.634Z;-127.00;-127.00;48.70;23.89
2023-11-04T15:06:47.640Z;-127.00;-127.00;48.69;23.89
2023-11-04T15:06:48.647Z;-127.00;-127.00;48.70;23.88
2023-11-04T15:06:49.654Z;-127.00;-127.00;48.69;23.88
2023-11-04T15:06:50.660Z;-127.00;-127.00;48.70;23.88
2023-11-04T15:06:51.667Z;-127.00;-127.00;48.70;23.88
2023-11-04T15:06:52.673Z;-127.00;-127.00;48.71;23.88
2023-11-04T15:06:53.680Z;-127.00;-127.00;48.69;23.88
2023-11-04T15:06:54.687Z;-127.00;-127.00;48.67;23.87
2023-11-04T15:06:55.694Z;-127.00;-127.00;48.69;23.87
2023-11-04T15:06:56.700Z;-127.00;-127.00;48.71;23.87
2023-11-04T15:06:57.707Z;-127.00;-127.00;48.69;23.87
2023-11-04T15:06:58.714Z;-127.00;-127.00;48.69;23.88
2023-11-04T15:06:59.721Z;-127.00;-127.00;48.67;23.88
2023-11-04T15:07:00.727Z;-127.00;-127.00;48.67;23.87
2023-11-04T15:07:01.734Z;-127.00;-127.00;48.69;23.87
2023-11-04T15:07:02.741Z;-127.00;-127.00;48.67;23.88
2023-11-04T15:07:03.747Z;-127.00;-127.00;48.68;23.88
2023-11-04T15:07:04.754Z;-127.00;-127.00;48.65;23.88
2023-11-04T15:07:05.761Z;-127.00;-127.00;48.63;23.88
2023-11-04T15:07:06.767Z;-127.00;-127.00;48.64;23.88
2023-11-04T15:07:07.774Z;-127.00;-127.00;48.64;23.88
2023-11-04T15:07:08.781Z;-127.00;-127.00;48.63;23.87
2023-11-04T15:07:09.788Z;-127.00;-127.00;48.65;23.86
2023-11-04T15:07:10.794Z;-127.00;-127.00;48.66;23.86
2023-11-04T15:07:11.801Z;-127.00;-127.00;48.70;23.86
2023-11-04T15:07:12.808Z;-127.00;-127.00;48.71;23.85
2023-11-04T15:07:13.814Z;-127.00;-127.00;48.71;23.85
2023-11-04T15:07:14.821Z;-127.00;-127.00;48.68;23.85
2023-11-04T15:07:15.828Z;-127.00;-127.00;48.67;23.85
2023-11-04T15:07:16.834Z;-127.00;-127.00;48.67;23.85
2023-11-04T15:07:17.841Z;-127.00;-127.00;48.68;23.85
2023-11-04T15:07:18.848Z;-127.00;-127.00;48.68;23.85
2023-11-04T15:07:19.854Z;-127.00;-127.00;48.68;23.85
2023-11-04T15:07:20.861Z;-127.00;-127.00;48.71;23.85
2023-11-04T15:07:21.868Z;-127.00;-127.00;48.72;23.84
2023-11-04T15:07:22.875Z;-127.00;-127.00;48.73;23.84
2023-11-04T15:07:23.881Z;-127.00;-127.00;48.73;23.84
